Sp,Betacov,Trait.3,Trait.2,Network.3,Network.4,Trait.1,Network.1,Network.2,Hybrid.1,Ensemble
Cynopterus sphinx,1,TRUE,TRUE,TRUE,TRUE,TRUE,TRUE,TRUE,TRUE,TRUE
Rousettus aegyptiacus,1,TRUE,TRUE,TRUE,TRUE,TRUE,TRUE,TRUE,TRUE,TRUE
Eonycteris spelaea,1,TRUE,TRUE,TRUE,TRUE,TRUE,TRUE,TRUE,TRUE,TRUE
Eidolon helvum,1,TRUE,TRUE,TRUE,TRUE,TRUE,TRUE,TRUE,TRUE,TRUE
Rousettus leschenaultii,1,TRUE,TRUE,TRUE,TRUE,TRUE,TRUE,TRUE,TRUE,TRUE
Rhinolophus ferrumequinum,1,TRUE,TRUE,TRUE,TRUE,TRUE,TRUE,TRUE,TRUE,TRUE
Cynopterus brachyotis,1,TRUE,TRUE,TRUE,TRUE,TRUE,TRUE,TRUE,TRUE,TRUE
Epomophorus gambianus,1,TRUE,TRUE,TRUE,TRUE,TRUE,TRUE,TRUE,TRUE,TRUE
Pipistrellus pipistrellus,1,TRUE,TRUE,TRUE,TRUE,TRUE,TRUE,TRUE,TRUE,TRUE
Pteropus giganteus,1,TRUE,TRUE,TRUE,TRUE,TRUE,TRUE,TRUE,TRUE,TRUE
Micropteropus pusillus,1,TRUE,TRUE,TRUE,TRUE,TRUE,TRUE,TRUE,TRUE,TRUE
Hipposideros armiger,1,TRUE,TRUE,TRUE,TRUE,TRUE,TRUE,TRUE,TRUE,TRUE
Hipposideros pomona,1,TRUE,TRUE,TRUE,TRUE,TRUE,TRUE,TRUE,TRUE,TRUE
Miniopterus schreibersii,1,TRUE,TRUE,TRUE,TRUE,TRUE,TRUE,TRUE,TRUE,TRUE
Myotis daubentonii,1,TRUE,TRUE,TRUE,TRUE,TRUE,TRUE,TRUE,TRUE,TRUE
Eptesicus serotinus,1,TRUE,TRUE,TRUE,TRUE,TRUE,TRUE,TRUE,TRUE,TRUE
Pipistrellus abramus,1,TRUE,TRUE,TRUE,TRUE,TRUE,TRUE,TRUE,TRUE,TRUE
Scotophilus kuhlii,1,TRUE,FALSE,TRUE,TRUE,TRUE,TRUE,TRUE,TRUE,TRUE
Rhinolophus pusillus,1,TRUE,TRUE,TRUE,TRUE,TRUE,TRUE,TRUE,TRUE,TRUE
Pteropus lylei,1,TRUE,TRUE,TRUE,TRUE,TRUE,TRUE,TRUE,TRUE,TRUE
Rhinolophus affinis,1,TRUE,TRUE,TRUE,TRUE,TRUE,TRUE,TRUE,TRUE,TRUE
Plecotus auritus,1,TRUE,TRUE,TRUE,TRUE,TRUE,TRUE,TRUE,TRUE,TRUE
Pteropus alecto,1,TRUE,TRUE,TRUE,TRUE,TRUE,TRUE,TRUE,TRUE,TRUE
Artibeus jamaicensis,1,TRUE,TRUE,TRUE,TRUE,TRUE,TRUE,TRUE,TRUE,TRUE
Hipposideros larvatus,1,TRUE,TRUE,TRUE,TRUE,TRUE,TRUE,TRUE,TRUE,TRUE
Chaerephon pumilus,1,TRUE,TRUE,TRUE,TRUE,TRUE,TRUE,FALSE,TRUE,TRUE
Rousettus amplexicaudatus,1,TRUE,TRUE,TRUE,TRUE,TRUE,TRUE,TRUE,TRUE,TRUE
Murina leucogaster,0,TRUE,TRUE,TRUE,TRUE,TRUE,TRUE,FALSE,FALSE,TRUE
Taphozous perforatus,1,TRUE,TRUE,TRUE,TRUE,TRUE,TRUE,TRUE,TRUE,TRUE
Rhinolophus sinicus,1,TRUE,TRUE,FALSE,TRUE,TRUE,TRUE,TRUE,TRUE,TRUE
Myotis ricketti,1,NA,TRUE,TRUE,TRUE,TRUE,TRUE,TRUE,TRUE,TRUE
Artibeus lituratus,1,FALSE,FALSE,TRUE,TRUE,TRUE,TRUE,TRUE,TRUE,TRUE
Hipposideros caffer,1,TRUE,TRUE,TRUE,TRUE,TRUE,TRUE,TRUE,TRUE,TRUE
Rhinolophus shameli,1,TRUE,TRUE,TRUE,TRUE,TRUE,TRUE,TRUE,TRUE,TRUE
Myonycteris angolensis,1,TRUE,TRUE,TRUE,TRUE,TRUE,NA,TRUE,TRUE,TRUE
Megaerops ecaudatus,1,TRUE,TRUE,TRUE,TRUE,TRUE,NA,NA,TRUE,TRUE
Rhinolophus stheno,1,TRUE,TRUE,TRUE,TRUE,TRUE,TRUE,TRUE,TRUE,TRUE
Epomops buettikoferi,1,TRUE,TRUE,TRUE,TRUE,TRUE,NA,NA,TRUE,TRUE
Rhinolophus malayanus,1,TRUE,TRUE,TRUE,TRUE,TRUE,NA,TRUE,TRUE,TRUE
Rhinolophus thomasi,1,TRUE,TRUE,TRUE,TRUE,TRUE,NA,TRUE,TRUE,TRUE
Cynopterus horsfieldii,1,TRUE,TRUE,TRUE,TRUE,TRUE,NA,TRUE,TRUE,TRUE
Nycteris gambiensis,1,TRUE,TRUE,TRUE,TRUE,TRUE,TRUE,TRUE,FALSE,TRUE
Pipistrellus nathusii,1,TRUE,TRUE,TRUE,TRUE,TRUE,TRUE,TRUE,TRUE,TRUE
Rhinolophus mehelyi,1,TRUE,TRUE,TRUE,TRUE,TRUE,NA,TRUE,TRUE,TRUE
Megaerops niphanae,1,TRUE,TRUE,TRUE,TRUE,TRUE,NA,TRUE,TRUE,TRUE
Rhinolophus hipposideros,1,TRUE,TRUE,TRUE,TRUE,TRUE,NA,TRUE,TRUE,TRUE
Rhinolophus clivosus,1,TRUE,TRUE,TRUE,TRUE,TRUE,TRUE,TRUE,TRUE,TRUE
Pipistrellus kuhlii,1,TRUE,TRUE,TRUE,TRUE,TRUE,TRUE,TRUE,TRUE,TRUE
Rhinolophus acuminatus,1,TRUE,TRUE,TRUE,TRUE,TRUE,NA,TRUE,TRUE,TRUE
Macroglossus minimus,1,TRUE,TRUE,TRUE,TRUE,TRUE,TRUE,TRUE,TRUE,TRUE
Carollia perspicillata,1,FALSE,FALSE,TRUE,TRUE,FALSE,TRUE,TRUE,TRUE,TRUE
Nanonycteris veldkampii,1,TRUE,TRUE,TRUE,TRUE,TRUE,NA,TRUE,TRUE,TRUE
Barbastella barbastellus,0,TRUE,TRUE,TRUE,TRUE,TRUE,TRUE,FALSE,FALSE,TRUE
Nyctalus noctula,1,TRUE,TRUE,TRUE,TRUE,TRUE,TRUE,TRUE,TRUE,TRUE
Desmodus rotundus,1,FALSE,FALSE,TRUE,TRUE,TRUE,TRUE,TRUE,TRUE,TRUE
Scotophilus dinganii,1,TRUE,TRUE,TRUE,TRUE,TRUE,TRUE,TRUE,TRUE,TRUE
Dyacopterus spadiceus,1,TRUE,TRUE,TRUE,TRUE,TRUE,NA,TRUE,TRUE,TRUE
Epomophorus labiatus,1,TRUE,TRUE,TRUE,TRUE,TRUE,TRUE,TRUE,TRUE,TRUE
Scotophilus leucogaster,1,TRUE,TRUE,TRUE,TRUE,TRUE,TRUE,TRUE,TRUE,TRUE
Myotis myotis,0,TRUE,TRUE,TRUE,TRUE,TRUE,TRUE,FALSE,FALSE,TRUE
Myotis nattereri,0,TRUE,TRUE,TRUE,TRUE,TRUE,TRUE,FALSE,FALSE,TRUE
Rhinolophus pearsonii,1,TRUE,TRUE,FALSE,TRUE,TRUE,NA,TRUE,TRUE,TRUE
Rhinolophus euryale,1,TRUE,TRUE,TRUE,TRUE,TRUE,TRUE,TRUE,TRUE,TRUE
Myotis blythii,0,TRUE,TRUE,TRUE,TRUE,TRUE,TRUE,FALSE,FALSE,TRUE
Epomops franqueti,1,TRUE,TRUE,FALSE,TRUE,TRUE,TRUE,TRUE,TRUE,TRUE
Rhinolophus blasii,1,TRUE,TRUE,FALSE,TRUE,TRUE,NA,TRUE,TRUE,TRUE
Neoromicia capensis,1,TRUE,TRUE,TRUE,TRUE,TRUE,TRUE,TRUE,TRUE,TRUE
Pipistrellus coromandra,1,TRUE,TRUE,TRUE,TRUE,TRUE,TRUE,TRUE,TRUE,TRUE
Rhinolophus macrotis,1,TRUE,TRUE,FALSE,TRUE,TRUE,NA,TRUE,TRUE,TRUE
Myotis dasycneme,1,TRUE,TRUE,TRUE,TRUE,TRUE,TRUE,TRUE,FALSE,TRUE
Hypsugo savii,1,TRUE,TRUE,TRUE,TRUE,TRUE,TRUE,TRUE,TRUE,TRUE
Megaloglossus woermanni,1,TRUE,TRUE,TRUE,TRUE,TRUE,TRUE,TRUE,TRUE,TRUE
Hipposideros pratti,1,TRUE,TRUE,TRUE,TRUE,TRUE,TRUE,TRUE,TRUE,TRUE
Tadarida teniotis,1,TRUE,TRUE,TRUE,TRUE,TRUE,TRUE,TRUE,TRUE,TRUE
Rhinolophus rex,1,TRUE,TRUE,TRUE,TRUE,TRUE,TRUE,TRUE,TRUE,TRUE
Scotophilus heathii,1,TRUE,TRUE,TRUE,TRUE,TRUE,NA,TRUE,TRUE,TRUE
Pteronotus parnellii,1,FALSE,FALSE,TRUE,TRUE,TRUE,TRUE,TRUE,TRUE,TRUE
Mops condylurus,1,TRUE,TRUE,TRUE,TRUE,TRUE,TRUE,TRUE,TRUE,TRUE
Hipposideros ruber,1,TRUE,TRUE,TRUE,TRUE,TRUE,TRUE,TRUE,TRUE,TRUE
Hipposideros bicolor,0,TRUE,TRUE,TRUE,TRUE,TRUE,TRUE,FALSE,FALSE,TRUE
Myotis emarginatus,1,TRUE,TRUE,TRUE,TRUE,TRUE,TRUE,TRUE,FALSE,TRUE
Rhinopoma hardwickii,1,TRUE,TRUE,TRUE,TRUE,TRUE,TRUE,TRUE,TRUE,TRUE
Taphozous melanopogon,0,TRUE,TRUE,TRUE,TRUE,TRUE,TRUE,FALSE,FALSE,TRUE
Vespertilio sinensis,1,TRUE,TRUE,TRUE,TRUE,TRUE,TRUE,TRUE,TRUE,TRUE
Ptenochirus jagori,1,TRUE,TRUE,TRUE,TRUE,TRUE,NA,TRUE,TRUE,TRUE
Pteropus scapulatus,0,TRUE,TRUE,TRUE,TRUE,TRUE,TRUE,FALSE,FALSE,TRUE
Pipistrellus pygmaeus,1,TRUE,TRUE,TRUE,TRUE,TRUE,NA,TRUE,TRUE,TRUE
Hipposideros gigas,1,TRUE,TRUE,TRUE,TRUE,TRUE,TRUE,TRUE,TRUE,TRUE
Pipistrellus hesperidus,1,TRUE,TRUE,TRUE,TRUE,TRUE,NA,TRUE,TRUE,TRUE
Hipposideros lekaguli,1,TRUE,TRUE,TRUE,TRUE,TRUE,TRUE,TRUE,TRUE,TRUE
Pteropus hypomelanus,0,TRUE,TRUE,TRUE,TRUE,TRUE,TRUE,FALSE,FALSE,TRUE
Aselliscus stoliczkanus,1,TRUE,TRUE,TRUE,FALSE,TRUE,NA,TRUE,TRUE,TRUE
Pteropus conspicillatus,1,TRUE,TRUE,TRUE,TRUE,TRUE,TRUE,FALSE,TRUE,TRUE
Myotis horsfieldii,1,TRUE,TRUE,TRUE,TRUE,TRUE,TRUE,TRUE,FALSE,TRUE
Chaerephon plicatus,1,TRUE,TRUE,TRUE,TRUE,TRUE,TRUE,TRUE,TRUE,TRUE
Pteropus vampyrus,0,TRUE,TRUE,FALSE,TRUE,TRUE,TRUE,FALSE,FALSE,TRUE
Ia io,1,TRUE,TRUE,TRUE,TRUE,TRUE,NA,TRUE,FALSE,TRUE
Sturnira lilium,0,TRUE,TRUE,TRUE,TRUE,TRUE,TRUE,TRUE,FALSE,TRUE
Hipposideros galeritus,1,TRUE,TRUE,TRUE,FALSE,TRUE,NA,TRUE,TRUE,TRUE
Triaenops persicus,1,TRUE,TRUE,TRUE,TRUE,TRUE,TRUE,TRUE,TRUE,TRUE
Pteronotus davyi,1,TRUE,FALSE,TRUE,TRUE,FALSE,TRUE,TRUE,TRUE,TRUE
Myonycteris torquata,1,TRUE,TRUE,FALSE,TRUE,TRUE,NA,FALSE,TRUE,TRUE
Tylonycteris pachypus,1,TRUE,TRUE,TRUE,FALSE,TRUE,NA,TRUE,TRUE,TRUE
Eptesicus nilssonii,1,TRUE,TRUE,TRUE,TRUE,TRUE,NA,TRUE,TRUE,TRUE
Glauconycteris variegata,1,TRUE,TRUE,TRUE,TRUE,TRUE,NA,NA,FALSE,TRUE
Artibeus phaeotis,1,FALSE,TRUE,TRUE,TRUE,FALSE,TRUE,TRUE,FALSE,TRUE
Myotis punicus,1,TRUE,TRUE,TRUE,TRUE,FALSE,TRUE,TRUE,TRUE,TRUE
Rhinolophus creaghi,1,TRUE,TRUE,TRUE,TRUE,TRUE,NA,TRUE,TRUE,TRUE
Neoromicia somalicus,1,NA,TRUE,TRUE,TRUE,TRUE,NA,NA,TRUE,TRUE
Vespertilio murinus,1,TRUE,TRUE,TRUE,TRUE,TRUE,TRUE,FALSE,TRUE,TRUE
Molossus rufus,0,FALSE,FALSE,TRUE,TRUE,TRUE,TRUE,TRUE,FALSE,TRUE
Pipistrellus deserti,1,TRUE,TRUE,TRUE,TRUE,TRUE,NA,TRUE,TRUE,TRUE
Hypsugo pulveratus,1,NA,TRUE,TRUE,FALSE,TRUE,NA,TRUE,TRUE,TRUE
Acerodon celebensis,1,TRUE,TRUE,TRUE,TRUE,TRUE,NA,NA,TRUE,TRUE
Myotis nigricans,0,TRUE,FALSE,TRUE,TRUE,TRUE,TRUE,FALSE,FALSE,TRUE
Eptesicus fuscus,0,TRUE,FALSE,TRUE,TRUE,FALSE,TRUE,FALSE,FALSE,TRUE
Myotis lucifugus,0,TRUE,FALSE,TRUE,TRUE,TRUE,TRUE,FALSE,FALSE,TRUE
Myotis pequinius,1,TRUE,TRUE,TRUE,TRUE,TRUE,NA,TRUE,TRUE,TRUE
Megaerops kusnotoi,1,TRUE,TRUE,TRUE,TRUE,TRUE,NA,TRUE,TRUE,TRUE
Rhinolophus cornutus,1,NA,TRUE,TRUE,TRUE,TRUE,NA,TRUE,TRUE,TRUE
Glossophaga soricina,0,FALSE,FALSE,TRUE,TRUE,TRUE,TRUE,TRUE,FALSE,TRUE
Hypsignathus monstrosus,0,TRUE,TRUE,FALSE,TRUE,TRUE,TRUE,FALSE,FALSE,TRUE
Molossus molossus,0,TRUE,FALSE,TRUE,TRUE,TRUE,TRUE,FALSE,FALSE,TRUE
Nycteris macrotis,1,TRUE,TRUE,TRUE,FALSE,TRUE,NA,TRUE,TRUE,TRUE
Rhinolophus eloquens,0,TRUE,FALSE,FALSE,TRUE,TRUE,NA,FALSE,TRUE,TRUE
Tadarida brasiliensis,0,TRUE,FALSE,TRUE,TRUE,TRUE,TRUE,FALSE,FALSE,TRUE
Hipposideros commersoni,1,FALSE,TRUE,TRUE,FALSE,TRUE,NA,TRUE,TRUE,TRUE
Eidolon dupreanum,1,TRUE,TRUE,FALSE,TRUE,TRUE,TRUE,TRUE,TRUE,TRUE
Myotis mystacinus,0,TRUE,FALSE,TRUE,TRUE,TRUE,TRUE,FALSE,FALSE,FALSE
Rhinolophus monoceros,1,NA,TRUE,TRUE,TRUE,FALSE,NA,TRUE,TRUE,FALSE
Phyllostomus hastatus,0,FALSE,FALSE,TRUE,TRUE,TRUE,TRUE,TRUE,FALSE,FALSE
Rhinolophus coelophyllus,0,TRUE,TRUE,FALSE,TRUE,TRUE,TRUE,FALSE,TRUE,FALSE
Hipposideros fuliginosus,1,TRUE,TRUE,TRUE,FALSE,TRUE,NA,NA,TRUE,FALSE
Myotis septentrionalis,0,TRUE,FALSE,TRUE,TRUE,FALSE,TRUE,FALSE,FALSE,FALSE
Hipposideros cervinus,1,TRUE,TRUE,TRUE,FALSE,TRUE,NA,NA,TRUE,FALSE
Carollia brevicauda,0,FALSE,FALSE,TRUE,TRUE,TRUE,TRUE,FALSE,FALSE,FALSE
Uroderma bilobatum,0,FALSE,FALSE,TRUE,TRUE,TRUE,TRUE,FALSE,FALSE,FALSE
Epomophorus wahlbergi,0,TRUE,TRUE,TRUE,TRUE,TRUE,TRUE,FALSE,FALSE,FALSE
Pipistrellus subflavus,0,TRUE,FALSE,TRUE,TRUE,FALSE,TRUE,FALSE,FALSE,FALSE
Myotis velifer,0,TRUE,FALSE,TRUE,TRUE,FALSE,TRUE,FALSE,FALSE,FALSE
Rhinolophus rouxii,0,TRUE,TRUE,FALSE,TRUE,TRUE,TRUE,FALSE,TRUE,FALSE
Pteropus rufus,1,TRUE,TRUE,FALSE,TRUE,FALSE,TRUE,TRUE,TRUE,FALSE
Rhinolophus simulator,0,TRUE,TRUE,FALSE,TRUE,TRUE,TRUE,FALSE,TRUE,FALSE
Hipposideros abae,0,TRUE,TRUE,FALSE,TRUE,TRUE,TRUE,FALSE,TRUE,FALSE
Nyctinomops laticaudatus,1,FALSE,FALSE,TRUE,TRUE,TRUE,TRUE,TRUE,FALSE,FALSE
Nycteris thebaica,0,TRUE,TRUE,TRUE,FALSE,TRUE,TRUE,FALSE,FALSE,FALSE
Rhinolophus hildebrandtii,0,TRUE,FALSE,FALSE,TRUE,TRUE,NA,FALSE,TRUE,FALSE
Tylonycteris robustula,0,TRUE,TRUE,FALSE,TRUE,TRUE,TRUE,FALSE,FALSE,FALSE
Scotophilus nigrita,0,TRUE,TRUE,FALSE,TRUE,TRUE,TRUE,FALSE,FALSE,FALSE
Eumops glaucinus,1,FALSE,FALSE,TRUE,TRUE,FALSE,TRUE,TRUE,FALSE,FALSE
Pteropus poliocephalus,0,TRUE,FALSE,FALSE,TRUE,TRUE,TRUE,FALSE,FALSE,FALSE
Carollia sowelli,1,NA,TRUE,TRUE,NA,FALSE,NA,TRUE,NA,FALSE
Myotis brandtii,0,TRUE,TRUE,FALSE,TRUE,TRUE,TRUE,FALSE,FALSE,FALSE
Epomops dobsonii,0,TRUE,TRUE,TRUE,TRUE,TRUE,TRUE,FALSE,FALSE,FALSE
Myotis riparius,0,TRUE,FALSE,TRUE,TRUE,FALSE,TRUE,FALSE,FALSE,FALSE
Myotis capaccinii,0,TRUE,TRUE,FALSE,TRUE,TRUE,TRUE,FALSE,FALSE,FALSE
Mormoops megalophylla,0,TRUE,FALSE,TRUE,TRUE,FALSE,TRUE,FALSE,FALSE,FALSE
Dobsonia moluccensis,1,TRUE,TRUE,FALSE,TRUE,FALSE,TRUE,TRUE,TRUE,FALSE
Nyctalus lasiopterus,0,TRUE,TRUE,FALSE,TRUE,TRUE,TRUE,FALSE,FALSE,FALSE
Hipposideros diadema,0,TRUE,TRUE,FALSE,FALSE,TRUE,TRUE,FALSE,TRUE,FALSE
Myotis volans,0,TRUE,FALSE,TRUE,TRUE,FALSE,TRUE,FALSE,FALSE,FALSE
Myotis keenii,0,TRUE,FALSE,TRUE,TRUE,FALSE,TRUE,FALSE,FALSE,FALSE
Scotophilus nux,0,TRUE,TRUE,FALSE,TRUE,TRUE,TRUE,FALSE,FALSE,FALSE
Hipposideros cineraceus,0,TRUE,TRUE,FALSE,FALSE,TRUE,TRUE,FALSE,TRUE,FALSE
Pteronotus personatus,1,FALSE,FALSE,TRUE,FALSE,TRUE,NA,TRUE,FALSE,FALSE
Artibeus cinereus,0,TRUE,FALSE,TRUE,TRUE,FALSE,TRUE,FALSE,FALSE,FALSE
Anoura geoffroyi,0,FALSE,FALSE,TRUE,TRUE,TRUE,TRUE,FALSE,FALSE,FALSE
Nyctalus plancyi,0,TRUE,TRUE,FALSE,FALSE,TRUE,TRUE,FALSE,FALSE,FALSE
Philetor brachypterus,0,TRUE,TRUE,TRUE,TRUE,TRUE,TRUE,FALSE,FALSE,FALSE
Rhinonicteris aurantia,1,FALSE,FALSE,TRUE,FALSE,FALSE,NA,TRUE,TRUE,FALSE
Cynomops abrasus,0,FALSE,FALSE,TRUE,TRUE,FALSE,TRUE,FALSE,FALSE,FALSE
Miniopterus magnater,0,TRUE,TRUE,FALSE,FALSE,TRUE,TRUE,FALSE,FALSE,FALSE
Cynomops planirostris,0,FALSE,FALSE,TRUE,TRUE,FALSE,TRUE,FALSE,FALSE,FALSE
Murina aurata,0,TRUE,TRUE,FALSE,FALSE,TRUE,TRUE,FALSE,FALSE,FALSE
Saccolaimus saccolaimus,0,TRUE,TRUE,TRUE,FALSE,TRUE,TRUE,FALSE,FALSE,FALSE
Pipistrellus inexspectatus,0,TRUE,TRUE,FALSE,FALSE,TRUE,TRUE,FALSE,FALSE,FALSE
Hipposideros speoris,0,TRUE,TRUE,FALSE,FALSE,TRUE,TRUE,FALSE,TRUE,FALSE
Hipposideros vittatus,0,TRUE,TRUE,FALSE,FALSE,TRUE,TRUE,FALSE,TRUE,FALSE
Nycteris nana,0,TRUE,TRUE,FALSE,TRUE,TRUE,NA,FALSE,FALSE,FALSE
Lasiurus cinereus,0,TRUE,FALSE,TRUE,TRUE,FALSE,TRUE,FALSE,FALSE,FALSE
Taphozous theobaldi,0,TRUE,TRUE,FALSE,TRUE,TRUE,TRUE,FALSE,FALSE,FALSE
Miniopterus pusillus,0,TRUE,TRUE,FALSE,FALSE,TRUE,TRUE,FALSE,FALSE,FALSE
Myotis longipes,0,TRUE,TRUE,FALSE,TRUE,TRUE,TRUE,FALSE,FALSE,FALSE
Myotis macrodactylus,0,TRUE,TRUE,FALSE,FALSE,TRUE,TRUE,FALSE,FALSE,FALSE
Syconycteris australis,0,TRUE,TRUE,FALSE,TRUE,FALSE,NA,FALSE,FALSE,FALSE
Miniopterus inflatus,0,TRUE,TRUE,FALSE,TRUE,TRUE,TRUE,FALSE,FALSE,FALSE
Neoromicia nanus,0,NA,TRUE,FALSE,FALSE,TRUE,TRUE,FALSE,FALSE,FALSE
Hipposideros lankadiva,0,TRUE,TRUE,FALSE,FALSE,TRUE,TRUE,FALSE,FALSE,FALSE
Glauconycteris argentata,0,TRUE,TRUE,FALSE,FALSE,TRUE,NA,FALSE,FALSE,FALSE
Cardioderma cor,0,TRUE,TRUE,FALSE,FALSE,TRUE,TRUE,FALSE,FALSE,FALSE
Phyllostomus discolor,0,FALSE,FALSE,TRUE,TRUE,TRUE,TRUE,FALSE,FALSE,FALSE
Eptesicus furinalis,0,TRUE,FALSE,TRUE,TRUE,TRUE,TRUE,FALSE,FALSE,FALSE
Rhinolophus capensis,0,TRUE,FALSE,FALSE,TRUE,FALSE,TRUE,FALSE,TRUE,FALSE
Lasiurus ega,0,TRUE,FALSE,TRUE,TRUE,TRUE,TRUE,FALSE,FALSE,FALSE
Artibeus obscurus,1,FALSE,FALSE,TRUE,FALSE,FALSE,NA,TRUE,FALSE,FALSE
Rhinolophus megaphyllus,0,TRUE,FALSE,FALSE,TRUE,FALSE,TRUE,FALSE,TRUE,FALSE
Platyrrhinus helleri,0,TRUE,FALSE,TRUE,TRUE,FALSE,TRUE,FALSE,FALSE,FALSE
Natalus tumidirostris,0,FALSE,FALSE,TRUE,TRUE,FALSE,TRUE,FALSE,FALSE,FALSE
Eptesicus brasiliensis,0,TRUE,FALSE,TRUE,TRUE,FALSE,TRUE,FALSE,FALSE,FALSE
Myotis albescens,0,TRUE,FALSE,TRUE,TRUE,FALSE,TRUE,FALSE,FALSE,FALSE
Lasiurus intermedius,0,TRUE,FALSE,TRUE,TRUE,FALSE,TRUE,FALSE,FALSE,FALSE
Nyctinomops macrotis,0,FALSE,FALSE,TRUE,FALSE,TRUE,TRUE,FALSE,FALSE,FALSE
Pipistrellus hesperus,0,TRUE,FALSE,TRUE,TRUE,FALSE,TRUE,FALSE,FALSE,FALSE
Pteropus neohibernicus,0,TRUE,FALSE,FALSE,FALSE,TRUE,TRUE,FALSE,FALSE,FALSE
Corynorhinus townsendii,0,TRUE,FALSE,TRUE,TRUE,FALSE,TRUE,FALSE,FALSE,FALSE
Myotis thysanodes,0,TRUE,FALSE,TRUE,TRUE,FALSE,TRUE,FALSE,FALSE,FALSE
Eumops auripendulus,0,FALSE,FALSE,TRUE,TRUE,TRUE,TRUE,FALSE,FALSE,FALSE
Lasionycteris noctivagans,0,TRUE,FALSE,TRUE,TRUE,FALSE,TRUE,FALSE,FALSE,FALSE
Myotis austroriparius,0,TRUE,FALSE,TRUE,TRUE,FALSE,TRUE,FALSE,FALSE,FALSE
Diaemus youngi,0,FALSE,FALSE,TRUE,FALSE,TRUE,TRUE,FALSE,FALSE,FALSE
Diphylla ecaudata,0,TRUE,FALSE,TRUE,FALSE,TRUE,TRUE,FALSE,FALSE,FALSE
Antrozous pallidus,0,TRUE,FALSE,TRUE,FALSE,FALSE,TRUE,FALSE,FALSE,FALSE
Dobsonia anderseni,0,TRUE,FALSE,FALSE,TRUE,FALSE,TRUE,FALSE,FALSE,FALSE
Nycticeius humeralis,0,TRUE,FALSE,TRUE,TRUE,FALSE,TRUE,FALSE,FALSE,FALSE
Platyrrhinus lineatus,0,FALSE,FALSE,TRUE,FALSE,TRUE,TRUE,FALSE,FALSE,FALSE
Chalinolobus gouldii,0,TRUE,FALSE,FALSE,FALSE,FALSE,TRUE,FALSE,FALSE,FALSE
Saccolaimus flaviventris,0,FALSE,FALSE,TRUE,FALSE,TRUE,TRUE,FALSE,FALSE,FALSE
Myotis grisescens,0,TRUE,FALSE,TRUE,TRUE,FALSE,TRUE,FALSE,FALSE,FALSE
Myotis davidii,0,TRUE,FALSE,FALSE,TRUE,TRUE,TRUE,FALSE,FALSE,FALSE
Myotis yumanensis,0,TRUE,FALSE,TRUE,TRUE,FALSE,TRUE,FALSE,FALSE,FALSE
Miniopterus natalensis,0,TRUE,FALSE,FALSE,FALSE,TRUE,TRUE,FALSE,FALSE,FALSE
Eptesicus diminutus,0,TRUE,FALSE,TRUE,TRUE,FALSE,TRUE,FALSE,FALSE,FALSE
Lasiurus xanthinus,0,TRUE,FALSE,TRUE,TRUE,FALSE,TRUE,FALSE,FALSE,FALSE
Vampyrodes caraccioli,0,TRUE,FALSE,FALSE,TRUE,FALSE,NA,FALSE,FALSE,FALSE
Histiotus velatus,0,TRUE,FALSE,TRUE,FALSE,FALSE,TRUE,FALSE,FALSE,FALSE
Lasiurus blossevillii,0,TRUE,FALSE,TRUE,FALSE,FALSE,TRUE,FALSE,FALSE,FALSE
Artibeus fimbriatus,0,FALSE,FALSE,TRUE,FALSE,FALSE,TRUE,FALSE,FALSE,FALSE
Eumops perotis,0,TRUE,FALSE,TRUE,FALSE,TRUE,TRUE,FALSE,FALSE,FALSE
Myotis levis,0,TRUE,FALSE,TRUE,TRUE,FALSE,TRUE,FALSE,FALSE,FALSE
Myotis californicus,0,TRUE,FALSE,TRUE,TRUE,FALSE,TRUE,FALSE,FALSE,FALSE
Falsistrellus mackenziei,0,TRUE,FALSE,FALSE,TRUE,FALSE,TRUE,FALSE,FALSE,FALSE
Lasiurus egregius,0,TRUE,FALSE,TRUE,TRUE,FALSE,TRUE,FALSE,FALSE,FALSE
Chalinolobus morio,0,TRUE,FALSE,FALSE,FALSE,FALSE,TRUE,FALSE,FALSE,FALSE
Myotis leibii,0,TRUE,FALSE,TRUE,TRUE,FALSE,TRUE,FALSE,FALSE,FALSE
Diclidurus albus,0,FALSE,FALSE,TRUE,FALSE,TRUE,TRUE,FALSE,FALSE,FALSE
Euderma maculatum,0,TRUE,FALSE,TRUE,FALSE,FALSE,TRUE,FALSE,FALSE,FALSE
Vespadelus regulus,0,TRUE,FALSE,FALSE,TRUE,FALSE,TRUE,FALSE,FALSE,FALSE
Vespadelus baverstocki,0,TRUE,FALSE,FALSE,TRUE,FALSE,TRUE,FALSE,FALSE,FALSE
Myotis macropus,0,TRUE,FALSE,FALSE,TRUE,FALSE,TRUE,FALSE,FALSE,FALSE
Sturnira ludovici,0,FALSE,TRUE,FALSE,FALSE,TRUE,NA,FALSE,FALSE,FALSE
Lasiurus borealis,0,TRUE,FALSE,TRUE,TRUE,FALSE,TRUE,FALSE,FALSE,FALSE
Artibeus toltecus,0,FALSE,TRUE,FALSE,FALSE,FALSE,TRUE,FALSE,FALSE,FALSE
Chrotopterus auritus,0,FALSE,FALSE,TRUE,TRUE,TRUE,TRUE,FALSE,FALSE,FALSE
Myotis evotis,0,TRUE,FALSE,TRUE,TRUE,FALSE,TRUE,FALSE,FALSE,FALSE
Lophostoma silvicolum,0,TRUE,FALSE,FALSE,TRUE,TRUE,NA,FALSE,FALSE,FALSE
Histiotus montanus,0,TRUE,FALSE,TRUE,FALSE,FALSE,TRUE,FALSE,FALSE,FALSE
Pteropus admiralitatum,0,TRUE,FALSE,FALSE,FALSE,FALSE,TRUE,FALSE,FALSE,FALSE
Lasiurus seminolus,0,TRUE,FALSE,TRUE,FALSE,FALSE,TRUE,FALSE,FALSE,FALSE
Miniopterus australis,0,TRUE,FALSE,FALSE,FALSE,TRUE,TRUE,FALSE,FALSE,FALSE
Leptonycteris nivalis,0,FALSE,FALSE,TRUE,FALSE,FALSE,TRUE,FALSE,FALSE,FALSE
Glossophaga commissarisi,0,TRUE,FALSE,FALSE,TRUE,FALSE,NA,FALSE,FALSE,FALSE
Myotis chiloensis,0,TRUE,FALSE,TRUE,TRUE,FALSE,TRUE,FALSE,FALSE,FALSE
Sturnira tildae,0,TRUE,FALSE,FALSE,FALSE,TRUE,TRUE,FALSE,FALSE,FALSE
Lonchorhina aurita,0,TRUE,FALSE,FALSE,FALSE,TRUE,TRUE,FALSE,FALSE,FALSE
Micronycteris megalotis,0,TRUE,FALSE,TRUE,FALSE,FALSE,TRUE,FALSE,FALSE,FALSE
Pteropus capistratus,0,TRUE,FALSE,FALSE,FALSE,FALSE,TRUE,FALSE,FALSE,FALSE
Glossophaga longirostris,0,FALSE,FALSE,TRUE,FALSE,FALSE,TRUE,FALSE,FALSE,FALSE
Eumops patagonicus,0,FALSE,FALSE,TRUE,TRUE,FALSE,TRUE,FALSE,FALSE,FALSE
Natalus stramineus,0,FALSE,FALSE,FALSE,FALSE,TRUE,TRUE,FALSE,FALSE,FALSE
Leptonycteris curasoae,0,FALSE,FALSE,TRUE,FALSE,FALSE,TRUE,FALSE,FALSE,FALSE
Glossophaga morenoi,0,FALSE,FALSE,TRUE,FALSE,FALSE,TRUE,FALSE,FALSE,FALSE
Molossops neglectus,0,FALSE,FALSE,TRUE,FALSE,FALSE,TRUE,FALSE,FALSE,FALSE
Vespadelus pumilus,0,TRUE,FALSE,FALSE,FALSE,FALSE,TRUE,FALSE,FALSE,FALSE
Mimon crenulatum,0,FALSE,FALSE,FALSE,FALSE,TRUE,TRUE,FALSE,FALSE,FALSE
Sturnira erythromos,0,FALSE,FALSE,FALSE,FALSE,FALSE,TRUE,FALSE,FALSE,FALSE
Carollia subrufa,0,FALSE,FALSE,FALSE,FALSE,FALSE,NA,FALSE,FALSE,FALSE
Macrotus californicus,0,FALSE,FALSE,TRUE,FALSE,FALSE,TRUE,FALSE,FALSE,FALSE
Anoura caudifer,0,TRUE,FALSE,FALSE,FALSE,FALSE,TRUE,FALSE,FALSE,FALSE
Lichonycteris obscura,0,FALSE,FALSE,FALSE,FALSE,FALSE,TRUE,FALSE,FALSE,FALSE
Mystacina tuberculata,0,FALSE,FALSE,FALSE,FALSE,FALSE,TRUE,FALSE,FALSE,FALSE
Mesophylla macconnelli,0,TRUE,FALSE,FALSE,FALSE,FALSE,TRUE,FALSE,FALSE,FALSE
Rhynchonycteris naso,0,FALSE,FALSE,FALSE,FALSE,FALSE,NA,FALSE,FALSE,FALSE
Lonchophylla robusta,0,FALSE,FALSE,FALSE,FALSE,FALSE,NA,FALSE,FALSE,FALSE
Rhinolophus fumigatus,0,TRUE,TRUE,NA,NA,TRUE,NA,NA,TRUE,TRUE
Macroglossus sobrinus,0,TRUE,TRUE,NA,NA,TRUE,NA,NA,TRUE,TRUE
Rhinolophus marshalli,0,TRUE,TRUE,NA,NA,TRUE,NA,NA,TRUE,TRUE
Rhinolophus luctus,0,TRUE,TRUE,NA,NA,TRUE,NA,NA,TRUE,TRUE
Rhinolophus osgoodi,0,NA,TRUE,NA,NA,TRUE,NA,NA,TRUE,TRUE
Rhinolophus landeri,0,TRUE,TRUE,NA,NA,TRUE,NA,NA,TRUE,TRUE
Rhinolophus trifoliatus,0,TRUE,TRUE,NA,NA,TRUE,NA,NA,TRUE,TRUE
Rhinolophus yunanensis,0,TRUE,TRUE,NA,NA,TRUE,NA,NA,TRUE,TRUE
Rhinolophus paradoxolophus,0,TRUE,TRUE,NA,NA,TRUE,NA,NA,TRUE,TRUE
Hipposideros lylei,0,TRUE,TRUE,NA,NA,TRUE,NA,NA,TRUE,TRUE
Rhinolophus lepidus,0,TRUE,TRUE,NA,NA,TRUE,NA,NA,TRUE,TRUE
Cynopterus titthaecheilus,0,TRUE,TRUE,NA,NA,TRUE,NA,NA,TRUE,TRUE
Sphaerias blanfordi,0,TRUE,TRUE,NA,NA,TRUE,NA,NA,TRUE,TRUE
Nyctalus leisleri,0,TRUE,TRUE,NA,NA,TRUE,NA,NA,TRUE,TRUE
Scotomanes ornatus,0,TRUE,TRUE,NA,NA,TRUE,NA,NA,TRUE,TRUE
Scotonycteris ophiodon,0,TRUE,TRUE,NA,NA,TRUE,NA,NA,TRUE,TRUE
Pteropus intermedius,0,TRUE,TRUE,NA,NA,TRUE,NA,NA,TRUE,TRUE
Pipistrellus rueppellii,0,TRUE,TRUE,NA,NA,TRUE,NA,NA,FALSE,TRUE
Scotophilus viridis,0,TRUE,TRUE,NA,NA,TRUE,NA,NA,TRUE,TRUE
Scotonycteris zenkeri,0,TRUE,TRUE,NA,NA,TRUE,NA,NA,TRUE,TRUE
Penthetor lucasi,0,TRUE,TRUE,NA,NA,TRUE,NA,NA,TRUE,TRUE
Rhinolophus borneensis,0,TRUE,TRUE,NA,NA,TRUE,NA,NA,TRUE,TRUE
Cynopterus minutus,0,TRUE,TRUE,NA,NA,TRUE,NA,NA,TRUE,TRUE
Pipistrellus ceylonicus,0,TRUE,TRUE,NA,NA,TRUE,NA,NA,TRUE,TRUE
Rhinolophus alcyone,0,TRUE,TRUE,NA,NA,TRUE,NA,NA,TRUE,TRUE
Coelops frithii,0,TRUE,TRUE,NA,NA,TRUE,NA,NA,TRUE,TRUE
Pipistrellus javanicus,0,TRUE,TRUE,NA,NA,TRUE,NA,NA,TRUE,TRUE
Myotis altarium,0,TRUE,TRUE,NA,NA,TRUE,NA,NA,FALSE,TRUE
Hipposideros ater,0,TRUE,TRUE,NA,NA,TRUE,NA,NA,TRUE,TRUE
Asellia tridens,0,TRUE,TRUE,NA,NA,TRUE,NA,NA,TRUE,TRUE
Megaerops wetmorei,0,TRUE,TRUE,NA,NA,TRUE,NA,NA,TRUE,TRUE
Pipistrellus paterculus,0,TRUE,TRUE,NA,NA,TRUE,NA,NA,TRUE,TRUE
Rousettus spinalatus,0,TRUE,TRUE,NA,NA,TRUE,NA,NA,TRUE,TRUE
Neoromicia guineensis,0,TRUE,TRUE,NA,NA,TRUE,NA,NA,TRUE,TRUE
Neoromicia rendalli,0,TRUE,TRUE,NA,NA,TRUE,NA,NA,FALSE,TRUE
Scotoecus hirundo,0,TRUE,TRUE,NA,NA,TRUE,NA,NA,FALSE,TRUE
Plecotus austriacus,0,TRUE,TRUE,NA,NA,TRUE,NA,NA,FALSE,TRUE
Pipistrellus tenuis,0,TRUE,TRUE,NA,NA,TRUE,NA,NA,FALSE,TRUE
Chironax melanocephalus,0,TRUE,TRUE,NA,NA,TRUE,NA,NA,TRUE,TRUE
Harpyionycteris whiteheadi,0,TRUE,TRUE,NA,NA,TRUE,NA,NA,TRUE,TRUE
Pipistrellus rusticus,0,TRUE,TRUE,NA,NA,TRUE,NA,NA,TRUE,TRUE
Balionycteris maculata,0,TRUE,TRUE,NA,NA,TRUE,NA,NA,TRUE,TRUE
Nycticeinops schlieffeni,0,TRUE,TRUE,NA,NA,TRUE,NA,NA,FALSE,TRUE
Murina cyclotis,0,TRUE,TRUE,NA,NA,TRUE,NA,NA,FALSE,TRUE
Epomophorus minimus,0,TRUE,TRUE,NA,NA,TRUE,NA,NA,TRUE,TRUE
Rhinolophus mitratus,0,NA,TRUE,NA,NA,TRUE,NA,NA,TRUE,TRUE
Rhinolophus arcuatus,0,TRUE,TRUE,NA,NA,TRUE,NA,NA,TRUE,TRUE
Rhinolophus philippinensis,0,TRUE,TRUE,NA,NA,TRUE,NA,NA,TRUE,TRUE
Rhinopoma microphyllum,0,TRUE,TRUE,NA,NA,TRUE,NA,NA,TRUE,TRUE
Tadarida aegyptiaca,0,TRUE,TRUE,NA,NA,TRUE,NA,NA,FALSE,TRUE
Eonycteris major,0,TRUE,TRUE,NA,NA,TRUE,NA,NA,TRUE,TRUE
Megaderma spasma,0,TRUE,TRUE,NA,NA,TRUE,NA,NA,TRUE,TRUE
Rhinolophus sedulus,0,TRUE,TRUE,NA,NA,TRUE,NA,NA,TRUE,TRUE
Myotis bechsteinii,0,TRUE,TRUE,NA,NA,TRUE,NA,NA,FALSE,TRUE
Myotis oxygnathus,0,NA,TRUE,NA,NA,TRUE,NA,NA,FALSE,TRUE
Aethalops alecto,0,TRUE,TRUE,NA,NA,TRUE,NA,NA,TRUE,TRUE
Arielulus circumdatus,0,TRUE,TRUE,NA,NA,TRUE,NA,NA,FALSE,TRUE
Rousettus lanosus,0,TRUE,TRUE,NA,NA,TRUE,NA,NA,TRUE,TRUE
Rousettus celebensis,0,TRUE,TRUE,NA,NA,TRUE,NA,NA,TRUE,TRUE
Barbastella leucomelas,0,TRUE,TRUE,NA,NA,TRUE,NA,NA,TRUE,TRUE
Murina tubinaris,0,TRUE,TRUE,NA,NA,TRUE,NA,NA,FALSE,TRUE
Neoromicia tenuipinnis,0,TRUE,TRUE,NA,NA,TRUE,NA,NA,FALSE,TRUE
Scotoecus albofuscus,0,TRUE,TRUE,NA,NA,TRUE,NA,NA,FALSE,TRUE
Myotis chinensis,0,TRUE,TRUE,NA,NA,TRUE,NA,NA,FALSE,TRUE
Myotis formosus,0,TRUE,TRUE,NA,NA,TRUE,NA,NA,FALSE,TRUE
Hypsugo cadornae,0,NA,TRUE,NA,NA,TRUE,NA,NA,TRUE,TRUE
Pteropus leucopterus,0,TRUE,TRUE,NA,NA,TRUE,NA,NA,TRUE,TRUE
Rhinolophus shortridgei,0,TRUE,TRUE,NA,NA,TRUE,NA,NA,TRUE,TRUE
Murina huttoni,0,TRUE,TRUE,NA,NA,TRUE,NA,NA,FALSE,TRUE
Hipposideros cyclops,0,TRUE,TRUE,NA,NA,TRUE,NA,NA,TRUE,TRUE
Rhinolophus beddomei,0,TRUE,TRUE,NA,NA,TRUE,NA,NA,TRUE,TRUE
Epomophorus minor,0,TRUE,TRUE,NA,NA,TRUE,NA,NA,TRUE,TRUE
Rhinolophus robinsoni,0,TRUE,TRUE,NA,NA,TRUE,NA,NA,TRUE,TRUE
Chaerephon leucogaster,0,NA,TRUE,NA,NA,TRUE,NA,NA,FALSE,TRUE
Rhinolophus subbadius,0,TRUE,TRUE,NA,NA,TRUE,NA,NA,TRUE,TRUE
Myotis laniger,0,TRUE,TRUE,NA,NA,TRUE,NA,NA,FALSE,TRUE
Eonycteris robusta,0,TRUE,TRUE,NA,NA,TRUE,NA,NA,TRUE,TRUE
Nyctalus aviator,0,TRUE,TRUE,NA,NA,TRUE,NA,NA,FALSE,TRUE
Ptenochirus minor,0,TRUE,TRUE,NA,NA,TRUE,NA,NA,TRUE,TRUE
Haplonycteris fischeri,0,TRUE,TRUE,NA,NA,TRUE,NA,NA,TRUE,TRUE
Hesperoptenus tickelli,0,TRUE,TRUE,NA,NA,TRUE,NA,NA,FALSE,TRUE
Harpiocephalus mordax,0,TRUE,TRUE,NA,NA,TRUE,NA,NA,FALSE,TRUE
Eptesicus pachyotis,0,TRUE,TRUE,NA,NA,TRUE,NA,NA,FALSE,TRUE
Rhinolophus denti,0,TRUE,TRUE,NA,NA,TRUE,NA,NA,TRUE,TRUE
Rhinolophus darlingi,0,TRUE,TRUE,NA,NA,TRUE,NA,NA,TRUE,TRUE
Hipposideros turpis,0,TRUE,TRUE,NA,NA,TRUE,NA,NA,TRUE,TRUE
Kerivoula picta,0,TRUE,TRUE,NA,NA,TRUE,NA,NA,FALSE,TRUE
Eptesicus bottae,0,TRUE,TRUE,NA,NA,TRUE,NA,NA,TRUE,TRUE
Kerivoula hardwickii,0,TRUE,TRUE,NA,NA,TRUE,NA,NA,FALSE,TRUE
Otonycteris hemprichii,0,TRUE,TRUE,NA,NA,TRUE,NA,NA,FALSE,TRUE
Paracoelops megalotis,0,NA,TRUE,NA,NA,TRUE,NA,NA,TRUE,TRUE
Myotis montivagus,0,TRUE,TRUE,NA,NA,TRUE,NA,NA,FALSE,TRUE
Megaderma lyra,0,TRUE,TRUE,NA,NA,TRUE,NA,NA,FALSE,TRUE
Dyacopterus brooksi,0,TRUE,TRUE,NA,NA,TRUE,NA,NA,TRUE,TRUE
Taphozous longimanus,0,TRUE,TRUE,NA,NA,TRUE,NA,NA,FALSE,TRUE
Mops midas,0,TRUE,TRUE,NA,NA,TRUE,NA,NA,TRUE,TRUE
Rhinolophus celebensis,0,TRUE,TRUE,NA,NA,TRUE,NA,NA,TRUE,TRUE
Hipposideros grandis,0,TRUE,TRUE,NA,NA,TRUE,NA,NA,TRUE,TRUE
Epomophorus grandis,0,NA,TRUE,NA,NA,TRUE,NA,NA,TRUE,TRUE
Thoopterus nigrescens,0,TRUE,TRUE,NA,NA,TRUE,NA,NA,TRUE,TRUE
Falsistrellus affinis,0,TRUE,TRUE,NA,NA,TRUE,NA,NA,FALSE,TRUE
Pteropus dasymallus,0,TRUE,TRUE,NA,NA,TRUE,NA,NA,TRUE,TRUE
Myonycteris relicta,0,TRUE,TRUE,NA,NA,TRUE,NA,NA,TRUE,TRUE
Scotophilus nucella,0,TRUE,TRUE,NA,NA,TRUE,NA,NA,FALSE,TRUE
Pteropus pumilus,0,TRUE,TRUE,NA,NA,TRUE,NA,NA,FALSE,TRUE
Chaerephon major,0,TRUE,TRUE,NA,NA,TRUE,NA,NA,FALSE,TRUE
Cynopterus luzoniensis,0,TRUE,TRUE,NA,NA,TRUE,NA,NA,TRUE,TRUE
Acerodon jubatus,0,TRUE,TRUE,NA,NA,TRUE,NA,NA,FALSE,TRUE
Rhinolophus imaizumii,0,NA,TRUE,NA,NA,TRUE,NA,NA,TRUE,TRUE
Eptesicus gobiensis,0,TRUE,TRUE,NA,NA,TRUE,NA,NA,TRUE,TRUE
Myotis muricola,0,TRUE,TRUE,NA,NA,TRUE,NA,NA,FALSE,TRUE
Rhinolophus guineensis,0,TRUE,TRUE,NA,NA,FALSE,NA,NA,TRUE,TRUE
Nycteris hispida,0,TRUE,TRUE,NA,NA,TRUE,NA,NA,FALSE,TRUE
Scotozous dormeri,0,TRUE,TRUE,NA,NA,TRUE,NA,NA,FALSE,TRUE
Harpiocephalus harpia,0,TRUE,TRUE,NA,NA,TRUE,NA,NA,FALSE,TRUE
Coleura afra,0,TRUE,TRUE,NA,NA,TRUE,NA,NA,FALSE,TRUE
Hipposideros jonesi,0,TRUE,TRUE,NA,NA,TRUE,NA,NA,TRUE,TRUE
Rhinolophus inops,0,TRUE,TRUE,NA,NA,TRUE,NA,NA,TRUE,TRUE
Myotis annectans,0,TRUE,TRUE,NA,NA,TRUE,NA,NA,FALSE,TRUE
Lavia frons,0,TRUE,TRUE,NA,NA,TRUE,NA,NA,FALSE,TRUE
Rhinolophus subrufus,0,TRUE,TRUE,NA,NA,TRUE,NA,NA,TRUE,TRUE
Rhinolophus bocharicus,0,TRUE,TRUE,NA,NA,TRUE,NA,NA,TRUE,TRUE
Hipposideros beatus,0,TRUE,TRUE,NA,NA,TRUE,NA,NA,TRUE,TRUE
Myotis siligorensis,0,TRUE,TRUE,NA,NA,TRUE,NA,NA,FALSE,TRUE
Acerodon mackloti,0,TRUE,TRUE,NA,NA,TRUE,NA,NA,TRUE,TRUE
Murina fusca,0,NA,TRUE,NA,NA,TRUE,NA,NA,FALSE,TRUE
Rhinolophus virgo,0,TRUE,TRUE,NA,NA,TRUE,NA,NA,TRUE,TRUE
Myotis sicarius,0,TRUE,TRUE,NA,NA,TRUE,NA,NA,FALSE,TRUE
Myotis bocagii,0,TRUE,TRUE,NA,NA,TRUE,NA,NA,FALSE,TRUE
Casinycteris argynnis,0,TRUE,TRUE,NA,NA,FALSE,NA,NA,TRUE,TRUE
Hesperoptenus blanfordi,0,TRUE,TRUE,NA,NA,TRUE,NA,NA,FALSE,TRUE
Nyctimene cephalotes,0,TRUE,TRUE,NA,NA,TRUE,NA,NA,TRUE,TRUE
Hipposideros fulvus,0,TRUE,TRUE,NA,NA,TRUE,NA,NA,TRUE,TRUE
Nyctimene rabori,0,TRUE,TRUE,NA,NA,TRUE,NA,NA,TRUE,TRUE
Glauconycteris poensis,0,TRUE,TRUE,NA,NA,TRUE,NA,NA,FALSE,TRUE
Rousettus madagascariensis,0,TRUE,TRUE,NA,NA,TRUE,NA,NA,TRUE,TRUE
Rhinolophus maclaudi,0,TRUE,TRUE,NA,NA,TRUE,NA,NA,TRUE,TRUE
Otopteropus cartilagonodus,0,TRUE,TRUE,NA,NA,TRUE,NA,NA,TRUE,TRUE
Pteropus melanotus,0,TRUE,TRUE,NA,NA,TRUE,NA,NA,FALSE,TRUE
Glischropus tylopus,0,TRUE,TRUE,NA,NA,TRUE,NA,NA,FALSE,TRUE
Nycteris grandis,0,TRUE,TRUE,NA,NA,TRUE,NA,NA,FALSE,TRUE
Nyctalus montanus,0,TRUE,TRUE,NA,NA,TRUE,NA,NA,TRUE,TRUE
Tadarida latouchei,0,TRUE,TRUE,NA,NA,TRUE,NA,NA,TRUE,TRUE
Eptesicus nasutus,0,TRUE,TRUE,NA,NA,TRUE,NA,NA,FALSE,TRUE
Chaerephon nigeriae,0,TRUE,TRUE,NA,NA,TRUE,NA,NA,FALSE,TRUE
Hypsugo alaschanicus,0,NA,TRUE,NA,NA,TRUE,NA,NA,TRUE,TRUE
Taphozous nudiventris,0,TRUE,TRUE,NA,NA,TRUE,NA,NA,FALSE,TRUE
Kerivoula papillosa,0,TRUE,TRUE,NA,NA,TRUE,NA,NA,FALSE,TRUE
Aethalops aequalis,0,TRUE,TRUE,NA,NA,TRUE,NA,NA,TRUE,TRUE
Epomophorus crypturus,0,TRUE,TRUE,NA,NA,TRUE,NA,NA,TRUE,TRUE
Hipposideros nequam,0,NA,TRUE,NA,NA,TRUE,NA,NA,TRUE,TRUE
Latidens salimalii,0,TRUE,TRUE,NA,NA,TRUE,NA,NA,TRUE,TRUE
Arielulus aureocollaris,0,NA,TRUE,NA,NA,TRUE,NA,NA,NA,TRUE
Scotoecus pallidus,0,TRUE,TRUE,NA,NA,TRUE,NA,NA,FALSE,TRUE
Acerodon leucotis,0,TRUE,TRUE,NA,NA,TRUE,NA,NA,TRUE,TRUE
Mimetillus moloneyi,0,TRUE,TRUE,NA,NA,TRUE,NA,NA,FALSE,TRUE
Nycteris tragata,0,TRUE,TRUE,NA,NA,TRUE,NA,NA,FALSE,TRUE
Eudiscopus denticulus,0,TRUE,TRUE,NA,NA,TRUE,NA,NA,FALSE,TRUE
Micropteropus intermedius,0,TRUE,TRUE,NA,NA,FALSE,NA,NA,TRUE,TRUE
Myotis fimbriatus,0,TRUE,TRUE,NA,NA,TRUE,NA,NA,FALSE,TRUE
Myotis ikonnikovi,0,TRUE,TRUE,NA,NA,TRUE,NA,NA,FALSE,TRUE
Hipposideros hypophyllus,0,NA,TRUE,NA,NA,TRUE,NA,NA,NA,TRUE
Neoromicia helios,0,TRUE,TRUE,NA,NA,TRUE,NA,NA,FALSE,TRUE
Styloctenium wallacei,0,TRUE,TRUE,NA,NA,TRUE,NA,NA,FALSE,TRUE
Murina hilgendorfi,0,TRUE,TRUE,NA,NA,TRUE,NA,NA,FALSE,TRUE
Harpyionycteris celebensis,0,TRUE,TRUE,NA,NA,TRUE,NA,NA,FALSE,TRUE
Nyctimene minutus,0,TRUE,TRUE,NA,NA,TRUE,NA,NA,TRUE,TRUE
Myotis adversus,0,TRUE,TRUE,NA,NA,TRUE,NA,NA,FALSE,TRUE
Rhinolophus convexus,0,NA,TRUE,NA,NA,TRUE,NA,NA,NA,TRUE
Myotis schaubi,0,TRUE,TRUE,NA,NA,TRUE,NA,NA,FALSE,TRUE
Mops thersites,0,TRUE,TRUE,NA,NA,TRUE,NA,NA,FALSE,TRUE
Hipposideros ridleyi,0,TRUE,TRUE,NA,NA,TRUE,NA,NA,TRUE,TRUE
Myotis hasseltii,0,TRUE,TRUE,NA,NA,TRUE,NA,NA,FALSE,TRUE
Myotis rosseti,0,TRUE,TRUE,NA,NA,TRUE,NA,NA,FALSE,TRUE
Hipposideros rotalis,0,NA,TRUE,NA,NA,TRUE,NA,NA,NA,TRUE
Cheiromeles torquatus,0,TRUE,TRUE,NA,NA,TRUE,NA,NA,FALSE,TRUE
Pteropus pselaphon,0,NA,TRUE,NA,NA,TRUE,NA,NA,TRUE,TRUE
Myotis annamiticus,0,NA,TRUE,NA,NA,TRUE,NA,NA,NA,TRUE
Dobsonia minor,0,TRUE,TRUE,NA,NA,FALSE,NA,NA,TRUE,TRUE
Pteropus caniceps,0,TRUE,TRUE,NA,NA,TRUE,NA,NA,TRUE,TRUE
Rhinolophus swinnyi,0,TRUE,FALSE,NA,NA,TRUE,NA,NA,TRUE,TRUE
Myotis bombinus,0,TRUE,TRUE,NA,NA,TRUE,NA,NA,FALSE,TRUE
Tadarida insignis,0,TRUE,TRUE,NA,NA,TRUE,NA,NA,TRUE,TRUE
Chaerephon bemmeleni,0,TRUE,TRUE,NA,NA,TRUE,NA,NA,FALSE,TRUE
Rhinolophus siamensis,0,TRUE,FALSE,NA,NA,TRUE,NA,NA,TRUE,TRUE
Dobsonia magna,0,NA,TRUE,NA,NA,TRUE,NA,NA,TRUE,TRUE
Rhinolophus deckenii,0,TRUE,FALSE,NA,NA,TRUE,NA,NA,TRUE,TRUE
Scotoecus hindei,0,NA,TRUE,NA,NA,TRUE,NA,NA,FALSE,TRUE
Pteropus tokudae,0,NA,TRUE,NA,NA,TRUE,NA,NA,NA,TRUE
Pteropus mariannus,0,TRUE,TRUE,NA,NA,TRUE,NA,NA,TRUE,TRUE
Rhinolophus euryotis,0,TRUE,FALSE,NA,NA,TRUE,NA,NA,TRUE,TRUE
Myotis tricolor,0,TRUE,TRUE,NA,NA,TRUE,NA,NA,FALSE,TRUE
Myonycteris brachycephala,0,TRUE,TRUE,NA,NA,FALSE,NA,NA,TRUE,TRUE
Chaerephon bivittatus,0,TRUE,TRUE,NA,NA,TRUE,NA,NA,FALSE,TRUE
Myopterus daubentonii,0,TRUE,TRUE,NA,NA,TRUE,NA,NA,FALSE,TRUE
Rhinolophus formosae,0,TRUE,TRUE,NA,NA,TRUE,NA,NA,TRUE,TRUE
Rhinolophus canuti,0,TRUE,TRUE,NA,NA,TRUE,NA,NA,TRUE,TRUE
Dobsonia exoleta,0,TRUE,TRUE,NA,NA,TRUE,NA,NA,FALSE,TRUE
Plerotes anchietae,0,TRUE,TRUE,NA,NA,FALSE,NA,NA,TRUE,TRUE
Pteropus brunneus,0,NA,TRUE,NA,NA,TRUE,NA,NA,NA,TRUE
Mops congicus,0,TRUE,TRUE,NA,NA,TRUE,NA,NA,FALSE,TRUE
Rhinopoma macinnesi,0,NA,FALSE,NA,NA,TRUE,NA,NA,TRUE,TRUE
Hipposideros halophyllus,0,TRUE,TRUE,NA,NA,TRUE,NA,NA,TRUE,TRUE
Pipistrellus stenopterus,0,TRUE,TRUE,NA,NA,TRUE,NA,NA,FALSE,TRUE
Cynopterus nusatenggara,0,TRUE,TRUE,NA,NA,FALSE,NA,NA,TRUE,TRUE
Pipistrellus endoi,0,TRUE,FALSE,NA,NA,TRUE,NA,NA,TRUE,TRUE
Pteropus speciosus,0,TRUE,TRUE,NA,NA,TRUE,NA,NA,FALSE,TRUE
Kerivoula pellucida,0,TRUE,TRUE,NA,NA,TRUE,NA,NA,FALSE,TRUE
Rhinolophus hillorum,0,TRUE,TRUE,NA,NA,FALSE,NA,NA,TRUE,TRUE
Rousettus bidens,0,TRUE,TRUE,NA,NA,FALSE,NA,NA,TRUE,TRUE
Myotis csorbai,0,NA,TRUE,NA,NA,TRUE,NA,NA,NA,TRUE
Rhinolophus rufus,0,TRUE,TRUE,NA,NA,TRUE,NA,NA,TRUE,TRUE
Kerivoula whiteheadi,0,TRUE,TRUE,NA,NA,TRUE,NA,NA,FALSE,TRUE
Hipposideros lamottei,0,FALSE,TRUE,NA,NA,TRUE,NA,NA,TRUE,TRUE
Pteropus niger,0,TRUE,TRUE,NA,NA,TRUE,NA,NA,TRUE,TRUE
Nycteris arge,0,TRUE,TRUE,NA,NA,TRUE,NA,NA,FALSE,TRUE
Epomophorus angolensis,0,TRUE,TRUE,NA,NA,FALSE,NA,NA,FALSE,TRUE
Pteropus chrysoproctus,0,TRUE,TRUE,NA,NA,TRUE,NA,NA,TRUE,TRUE
Eptesicus platyops,0,NA,TRUE,NA,NA,TRUE,NA,NA,FALSE,TRUE
Kerivoula lanosa,0,TRUE,TRUE,NA,NA,TRUE,NA,NA,FALSE,TRUE
Myotis pruinosus,0,TRUE,TRUE,NA,NA,TRUE,NA,NA,FALSE,TRUE
Pipistrellus maderensis,0,TRUE,TRUE,NA,NA,FALSE,NA,NA,TRUE,TRUE
Arielulus torquatus,0,NA,TRUE,NA,NA,TRUE,NA,NA,NA,TRUE
Glauconycteris beatrix,0,TRUE,TRUE,NA,NA,TRUE,NA,NA,FALSE,TRUE
Chaerephon ansorgei,0,TRUE,FALSE,NA,NA,TRUE,NA,NA,FALSE,TRUE
Murina silvatica,0,NA,FALSE,NA,NA,TRUE,NA,NA,FALSE,TRUE
Pteropus voeltzkowi,0,NA,FALSE,NA,NA,FALSE,NA,NA,TRUE,TRUE
Acerodon humilis,0,NA,FALSE,NA,NA,TRUE,NA,NA,TRUE,TRUE
Pteropus pilosus,0,NA,TRUE,NA,NA,TRUE,NA,NA,NA,TRUE
Mops mops,0,TRUE,TRUE,NA,NA,TRUE,NA,NA,FALSE,TRUE
Rhinopoma muscatellum,0,FALSE,TRUE,NA,NA,TRUE,NA,NA,TRUE,TRUE
Pteropus seychellensis,0,TRUE,FALSE,NA,NA,TRUE,NA,NA,TRUE,TRUE
Eptesicus tatei,0,TRUE,TRUE,NA,NA,TRUE,NA,NA,FALSE,TRUE
Dobsonia peronii,0,TRUE,TRUE,NA,NA,TRUE,NA,NA,FALSE,TRUE
Dobsonia viridis,0,TRUE,TRUE,NA,NA,TRUE,NA,NA,FALSE,TRUE
Hipposideros obscurus,0,TRUE,TRUE,NA,NA,TRUE,NA,NA,TRUE,TRUE
Pteropus subniger,0,NA,TRUE,NA,NA,TRUE,NA,NA,NA,TRUE
Dobsonia chapmani,0,NA,TRUE,NA,NA,TRUE,NA,NA,NA,TRUE
Saccolaimus peli,0,TRUE,TRUE,NA,NA,TRUE,NA,NA,FALSE,TRUE
Rousettus obliviosus,0,TRUE,TRUE,NA,NA,FALSE,NA,NA,TRUE,TRUE
Falsistrellus petersi,0,TRUE,TRUE,NA,NA,TRUE,NA,NA,FALSE,TRUE
Emballonura alecto,0,TRUE,TRUE,NA,NA,TRUE,NA,NA,FALSE,TRUE
Myotis hajastanicus,0,TRUE,TRUE,NA,NA,TRUE,NA,NA,FALSE,TRUE
Pteropus macrotis,0,TRUE,FALSE,NA,NA,TRUE,NA,NA,TRUE,TRUE
Rhinolophus keyensis,0,TRUE,TRUE,NA,NA,FALSE,NA,NA,TRUE,TRUE
Pteropus lombocensis,0,TRUE,TRUE,NA,NA,TRUE,NA,NA,FALSE,TRUE
Phoniscus jagorii,0,TRUE,TRUE,NA,NA,TRUE,NA,NA,FALSE,TRUE
Nyctimene aello,0,TRUE,TRUE,NA,NA,FALSE,NA,NA,TRUE,TRUE
Mops nanulus,0,TRUE,TRUE,NA,NA,TRUE,NA,NA,FALSE,TRUE
Mops brachypterus,0,TRUE,TRUE,NA,NA,TRUE,NA,NA,FALSE,TRUE
Chaerephon aloysiisabaudiae,0,TRUE,TRUE,NA,NA,TRUE,NA,NA,FALSE,TRUE
Pipistrellus nanulus,0,TRUE,TRUE,NA,NA,FALSE,NA,NA,FALSE,TRUE
Murina grisea,0,NA,TRUE,NA,NA,TRUE,NA,NA,FALSE,TRUE
Pteropus personatus,0,TRUE,TRUE,NA,NA,TRUE,NA,NA,FALSE,TRUE
Dobsonia crenulata,0,TRUE,TRUE,NA,NA,TRUE,NA,NA,FALSE,TRUE
Nycteris major,0,TRUE,TRUE,NA,NA,TRUE,NA,NA,FALSE,TRUE
Pteropus livingstonii,0,NA,FALSE,NA,NA,TRUE,NA,NA,TRUE,TRUE
Mops spurrelli,0,TRUE,TRUE,NA,NA,TRUE,NA,NA,FALSE,TRUE
Neopteryx frosti,0,TRUE,TRUE,NA,NA,TRUE,NA,NA,FALSE,TRUE
Rhinolophus nereis,0,TRUE,TRUE,NA,NA,FALSE,NA,NA,TRUE,TRUE
Taphozous mauritianus,0,TRUE,TRUE,NA,NA,TRUE,NA,NA,FALSE,TRUE
Myotis gomantongensis,0,NA,TRUE,NA,NA,TRUE,NA,NA,NA,TRUE
Chaerephon russatus,0,TRUE,TRUE,NA,NA,TRUE,NA,NA,FALSE,TRUE
Asellia patrizii,0,FALSE,TRUE,NA,NA,TRUE,NA,NA,TRUE,TRUE
Pteropus griseus,0,TRUE,TRUE,NA,NA,TRUE,NA,NA,FALSE,TRUE
Eptesicus floweri,0,TRUE,FALSE,NA,NA,TRUE,NA,NA,FALSE,TRUE
Hipposideros madurae,0,NA,TRUE,NA,NA,TRUE,NA,NA,NA,TRUE
Hipposideros orbiculus,0,NA,TRUE,NA,NA,TRUE,NA,NA,NA,TRUE
Rhinolophus cognatus,0,TRUE,TRUE,NA,NA,FALSE,NA,NA,TRUE,TRUE
Chaerephon johorensis,0,TRUE,TRUE,NA,NA,TRUE,NA,NA,FALSE,TRUE
Mops sarasinorum,0,TRUE,TRUE,NA,NA,TRUE,NA,NA,FALSE,TRUE
Nyctimene albiventer,0,TRUE,TRUE,NA,NA,FALSE,NA,NA,TRUE,TRUE
Hypsugo anthonyi,0,NA,TRUE,NA,NA,FALSE,NA,NA,FALSE,TRUE
Pteropus ocularis,0,TRUE,TRUE,NA,NA,TRUE,NA,NA,FALSE,TRUE
Eptesicus bobrinskoi,0,TRUE,TRUE,NA,NA,FALSE,NA,NA,TRUE,TRUE
Hesperoptenus tomesi,0,TRUE,TRUE,NA,NA,TRUE,NA,NA,FALSE,TRUE
Myotis macrotarsus,0,TRUE,TRUE,NA,NA,TRUE,NA,NA,FALSE,TRUE
Hipposideros dyacorum,0,TRUE,TRUE,NA,NA,FALSE,NA,NA,TRUE,TRUE
Nyctalus azoreum,0,NA,TRUE,NA,NA,FALSE,NA,NA,TRUE,TRUE
Emballonura monticola,0,TRUE,TRUE,NA,NA,TRUE,NA,NA,FALSE,TRUE
Alionycteris paucidentata,0,TRUE,TRUE,NA,NA,TRUE,NA,NA,TRUE,TRUE
Scotophilus collinus,0,TRUE,FALSE,NA,NA,TRUE,NA,NA,FALSE,TRUE
Rhinolophus hilli,0,NA,FALSE,NA,NA,FALSE,NA,NA,TRUE,TRUE
Pteropus melanopogon,0,TRUE,TRUE,NA,NA,FALSE,NA,NA,FALSE,TRUE
Hypsugo joffrei,0,TRUE,TRUE,NA,NA,FALSE,NA,NA,FALSE,TRUE
Miniopterus africanus,0,NA,TRUE,NA,NA,TRUE,NA,NA,FALSE,TRUE
Hipposideros pygmaeus,0,FALSE,TRUE,NA,NA,TRUE,NA,NA,TRUE,TRUE
Hipposideros megalotis,0,TRUE,TRUE,NA,NA,FALSE,NA,NA,TRUE,TRUE
Hypsugo eisentrauti,0,NA,TRUE,NA,NA,TRUE,NA,NA,FALSE,TRUE
Kerivoula minuta,0,TRUE,TRUE,NA,NA,TRUE,NA,NA,FALSE,TRUE
Hypsugo ariel,0,NA,TRUE,NA,NA,FALSE,NA,NA,FALSE,TRUE
Falsistrellus mordax,0,TRUE,TRUE,NA,NA,TRUE,NA,NA,FALSE,FALSE
Rhinolophus silvestris,0,TRUE,FALSE,NA,NA,FALSE,NA,NA,TRUE,FALSE
Tadarida ventralis,0,TRUE,FALSE,NA,NA,TRUE,NA,NA,FALSE,FALSE
Hipposideros inexpectatus,0,NA,FALSE,NA,NA,TRUE,NA,NA,TRUE,FALSE
Mops demonstrator,0,TRUE,FALSE,NA,NA,TRUE,NA,NA,TRUE,FALSE
Syconycteris carolinae,0,TRUE,TRUE,NA,NA,FALSE,NA,NA,TRUE,FALSE
Scotophilus celebensis,0,TRUE,FALSE,NA,NA,TRUE,NA,NA,FALSE,FALSE
Hipposideros breviceps,0,NA,FALSE,NA,NA,FALSE,NA,NA,TRUE,FALSE
Aproteles bulmerae,0,NA,FALSE,NA,NA,FALSE,NA,NA,TRUE,FALSE
Murina puta,0,TRUE,TRUE,NA,NA,TRUE,NA,NA,FALSE,FALSE
Kerivoula smithii,0,TRUE,TRUE,NA,NA,TRUE,NA,NA,FALSE,FALSE
Paranyctimene tenax,0,NA,TRUE,NA,NA,TRUE,NA,NA,NA,FALSE
Plecotus taivanus,0,TRUE,FALSE,NA,NA,TRUE,NA,NA,FALSE,FALSE
Mystacina robusta,0,NA,FALSE,NA,NA,TRUE,NA,NA,NA,FALSE
Hypsugo bodenheimeri,0,NA,TRUE,NA,NA,TRUE,NA,NA,FALSE,FALSE
Phoniscus atrox,0,TRUE,TRUE,NA,NA,TRUE,NA,NA,FALSE,FALSE
Rhinolophus madurensis,0,TRUE,FALSE,NA,NA,FALSE,NA,NA,TRUE,FALSE
Plecotus teneriffae,0,TRUE,TRUE,NA,NA,FALSE,NA,NA,FALSE,FALSE
Pteropus yapensis,0,NA,FALSE,NA,NA,FALSE,NA,NA,TRUE,FALSE
Paranyctimene raptor,0,TRUE,FALSE,NA,NA,FALSE,NA,NA,TRUE,FALSE
Eptesicus japonensis,0,TRUE,FALSE,NA,NA,TRUE,NA,NA,TRUE,FALSE
Rousettus linduensis,0,NA,TRUE,NA,NA,TRUE,NA,NA,NA,FALSE
Pteropus pohlei,0,TRUE,FALSE,NA,NA,FALSE,NA,NA,TRUE,FALSE
Pteropus aldabrensis,0,NA,FALSE,NA,NA,FALSE,NA,NA,TRUE,FALSE
Otomops wroughtoni,0,FALSE,TRUE,NA,NA,TRUE,NA,NA,FALSE,FALSE
Nycteris intermedia,0,TRUE,TRUE,NA,NA,TRUE,NA,NA,FALSE,FALSE
Pteropus faunulus,0,NA,TRUE,NA,NA,FALSE,NA,NA,FALSE,FALSE
Nycteris javanica,0,TRUE,TRUE,NA,NA,TRUE,NA,NA,FALSE,FALSE
Hypsugo macrotis,0,TRUE,TRUE,NA,NA,TRUE,NA,NA,FALSE,FALSE
Myotis ridleyi,0,TRUE,TRUE,NA,NA,TRUE,NA,NA,FALSE,FALSE
Rhinolophus adami,0,NA,FALSE,NA,NA,FALSE,NA,NA,TRUE,FALSE
Myotis ozensis,0,NA,FALSE,NA,NA,TRUE,NA,NA,FALSE,FALSE
Glauconycteris superba,0,NA,TRUE,NA,NA,TRUE,NA,NA,FALSE,FALSE
Laephotis wintoni,0,TRUE,FALSE,NA,NA,FALSE,NA,NA,FALSE,FALSE
Kerivoula phalaena,0,TRUE,TRUE,NA,NA,FALSE,NA,NA,FALSE,FALSE
Myotis hosonoi,0,NA,FALSE,NA,NA,TRUE,NA,NA,FALSE,FALSE
Hipposideros durgadasi,0,FALSE,TRUE,NA,NA,TRUE,NA,NA,TRUE,FALSE
Myotis yesoensis,0,NA,FALSE,NA,NA,TRUE,NA,NA,FALSE,FALSE
Murina suilla,0,TRUE,TRUE,NA,NA,TRUE,NA,NA,FALSE,FALSE
Murina tenebrosa,0,TRUE,FALSE,NA,NA,FALSE,NA,NA,TRUE,FALSE
Pipistrellus westralis,0,TRUE,FALSE,NA,NA,FALSE,NA,NA,FALSE,FALSE
Pteropus loochoensis,0,TRUE,TRUE,NA,NA,TRUE,NA,NA,FALSE,FALSE
Myotis morrisi,0,NA,TRUE,NA,NA,TRUE,NA,NA,FALSE,FALSE
Murina aenea,0,TRUE,TRUE,NA,NA,TRUE,NA,NA,FALSE,FALSE
Eptesicus hottentotus,0,TRUE,FALSE,NA,NA,TRUE,NA,NA,FALSE,FALSE
Nyctophilus bifax,0,TRUE,FALSE,NA,NA,TRUE,NA,NA,FALSE,FALSE
Pteropus rayneri,0,TRUE,FALSE,NA,NA,FALSE,NA,NA,TRUE,FALSE
Murina ussuriensis,0,TRUE,FALSE,NA,NA,FALSE,NA,NA,TRUE,FALSE
Hipposideros coxi,0,FALSE,FALSE,NA,NA,TRUE,NA,NA,TRUE,FALSE
Craseonycteris thonglongyai,0,FALSE,TRUE,NA,NA,TRUE,NA,NA,TRUE,FALSE
Kerivoula intermedia,0,TRUE,TRUE,NA,NA,TRUE,NA,NA,FALSE,FALSE
Miniopterus tristis,0,FALSE,TRUE,NA,NA,TRUE,NA,NA,FALSE,FALSE
Myopterus whitleyi,0,TRUE,TRUE,NA,NA,TRUE,NA,NA,FALSE,FALSE
Neoromicia melckorum,0,TRUE,FALSE,NA,NA,FALSE,NA,NA,FALSE,FALSE
Myotis frater,0,TRUE,FALSE,NA,NA,TRUE,NA,NA,FALSE,FALSE
Hipposideros curtus,0,TRUE,FALSE,NA,NA,FALSE,NA,NA,TRUE,FALSE
Hipposideros sorenseni,0,NA,TRUE,NA,NA,FALSE,NA,NA,NA,FALSE
Coelops robinsoni,0,TRUE,TRUE,NA,NA,FALSE,NA,NA,TRUE,FALSE
Neoromicia zuluensis,0,TRUE,FALSE,NA,NA,FALSE,NA,NA,FALSE,FALSE
Neoromicia brunneus,0,NA,TRUE,NA,NA,FALSE,NA,NA,FALSE,FALSE
Nyctimene robinsoni,0,TRUE,FALSE,NA,NA,TRUE,NA,NA,TRUE,FALSE
Otomops formosus,0,FALSE,TRUE,NA,NA,TRUE,NA,NA,FALSE,FALSE
Nyctimene draconilla,0,TRUE,FALSE,NA,NA,FALSE,NA,NA,TRUE,FALSE
Myotis welwitschii,0,TRUE,FALSE,NA,NA,TRUE,NA,NA,FALSE,FALSE
Rhinolophus ruwenzorii,0,TRUE,FALSE,NA,NA,FALSE,NA,NA,TRUE,FALSE
Nyctimene certans,0,TRUE,FALSE,NA,NA,FALSE,NA,NA,TRUE,FALSE
Scotoecus albigula,0,NA,TRUE,NA,NA,TRUE,NA,NA,FALSE,FALSE
Nyctalus furvus,0,TRUE,FALSE,NA,NA,FALSE,NA,NA,TRUE,FALSE
Nyctimene cyclotis,0,TRUE,FALSE,NA,NA,FALSE,NA,NA,TRUE,FALSE
Murina rozendaali,0,TRUE,TRUE,NA,NA,TRUE,NA,NA,FALSE,FALSE
Myotis ater,0,TRUE,TRUE,NA,NA,FALSE,NA,NA,FALSE,FALSE
Hypsugo imbricatus,0,NA,TRUE,NA,NA,TRUE,NA,NA,FALSE,FALSE
Cheiromeles parvidens,0,FALSE,TRUE,NA,NA,TRUE,NA,NA,FALSE,FALSE
Myotis scotti,0,TRUE,FALSE,NA,NA,FALSE,NA,NA,FALSE,FALSE
Arielulus societatis,0,TRUE,TRUE,NA,NA,TRUE,NA,NA,FALSE,FALSE
Triaenops rufus,0,FALSE,FALSE,NA,NA,TRUE,NA,NA,TRUE,FALSE
Nyctophilus geoffroyi,0,TRUE,FALSE,NA,NA,FALSE,NA,NA,FALSE,FALSE
Miniopterus medius,0,TRUE,TRUE,NA,NA,TRUE,NA,NA,FALSE,FALSE
Pteropus temminckii,0,TRUE,TRUE,NA,NA,FALSE,NA,NA,TRUE,FALSE
Hipposideros camerunensis,0,FALSE,TRUE,NA,NA,TRUE,NA,NA,TRUE,FALSE
Hipposideros doriae,0,TRUE,FALSE,NA,NA,FALSE,NA,NA,TRUE,FALSE
Otomops martiensseni,0,TRUE,FALSE,NA,NA,TRUE,NA,NA,FALSE,FALSE
Eptesicus dimissus,0,TRUE,TRUE,NA,NA,TRUE,NA,NA,FALSE,FALSE
Chaerephon jobensis,0,FALSE,FALSE,NA,NA,TRUE,NA,NA,FALSE,FALSE
Hipposideros stenotis,0,FALSE,FALSE,NA,NA,TRUE,NA,NA,TRUE,FALSE
Myotis yanbarensis,0,NA,FALSE,NA,NA,FALSE,NA,NA,NA,FALSE
Pteropus mahaganus,0,TRUE,FALSE,NA,NA,FALSE,NA,NA,FALSE,FALSE
Tadarida fulminans,0,TRUE,FALSE,NA,NA,TRUE,NA,NA,FALSE,FALSE
Platymops setiger,0,FALSE,FALSE,NA,NA,TRUE,NA,NA,FALSE,FALSE
Murina ryukyuana,0,NA,FALSE,NA,NA,FALSE,NA,NA,NA,FALSE
Pteralopex atrata,0,TRUE,FALSE,NA,NA,FALSE,NA,NA,TRUE,FALSE
Melonycteris melanops,0,TRUE,FALSE,NA,NA,FALSE,NA,NA,TRUE,FALSE
Rhinolophus montanus,0,NA,FALSE,NA,NA,FALSE,NA,NA,TRUE,FALSE
Kerivoula argentata,0,TRUE,FALSE,NA,NA,FALSE,NA,NA,FALSE,FALSE
Pteropus rodricensis,0,NA,TRUE,NA,NA,FALSE,NA,NA,FALSE,FALSE
Nyctophilus arnhemensis,0,TRUE,FALSE,NA,NA,TRUE,NA,NA,FALSE,FALSE
Nyctimene masalai,0,TRUE,FALSE,NA,NA,FALSE,NA,NA,TRUE,FALSE
Chaerephon chapini,0,TRUE,FALSE,NA,NA,FALSE,NA,NA,FALSE,FALSE
Glauconycteris egeria,0,TRUE,FALSE,NA,NA,FALSE,NA,NA,FALSE,FALSE
Mops trevori,0,TRUE,FALSE,NA,NA,TRUE,NA,NA,FALSE,FALSE
Nyctimene major,0,TRUE,FALSE,NA,NA,FALSE,NA,NA,FALSE,FALSE
Glauconycteris gleni,0,NA,TRUE,NA,NA,FALSE,NA,NA,FALSE,FALSE
Glischropus javanus,0,NA,FALSE,NA,NA,TRUE,NA,NA,FALSE,FALSE
Dobsonia beauforti,0,TRUE,TRUE,NA,NA,FALSE,NA,NA,FALSE,FALSE
Hipposideros marisae,0,FALSE,TRUE,NA,NA,FALSE,NA,NA,TRUE,FALSE
Myotis moluccarum,0,TRUE,FALSE,NA,NA,TRUE,NA,NA,FALSE,FALSE
Phyllonycteris major,0,NA,FALSE,NA,NA,TRUE,NA,NA,NA,FALSE
Kerivoula flora,0,TRUE,FALSE,NA,NA,TRUE,NA,NA,FALSE,FALSE
Eptesicus matroka,0,TRUE,FALSE,NA,NA,FALSE,NA,NA,FALSE,FALSE
Pteralopex anceps,0,TRUE,FALSE,NA,NA,FALSE,NA,NA,TRUE,FALSE
Pteropus ornatus,0,TRUE,FALSE,NA,NA,FALSE,NA,NA,TRUE,FALSE
Pipistrellus adamsi,0,TRUE,FALSE,NA,NA,FALSE,NA,NA,FALSE,FALSE
Kerivoula lenis,0,TRUE,FALSE,NA,NA,TRUE,NA,NA,FALSE,FALSE
Nycteris aurita,0,TRUE,FALSE,NA,NA,FALSE,NA,NA,FALSE,FALSE
Pteropus samoensis,0,TRUE,FALSE,NA,NA,FALSE,NA,NA,TRUE,FALSE
Dobsonia emersa,0,TRUE,FALSE,NA,NA,FALSE,NA,NA,FALSE,FALSE
Glauconycteris humeralis,0,TRUE,FALSE,NA,NA,FALSE,NA,NA,FALSE,FALSE
Kerivoula eriophora,0,NA,FALSE,NA,NA,FALSE,NA,NA,FALSE,FALSE
Hypsugo arabicus,0,NA,TRUE,NA,NA,FALSE,NA,NA,FALSE,FALSE
Scotorepens sanborni,0,TRUE,FALSE,NA,NA,FALSE,NA,NA,FALSE,FALSE
Scotophilus robustus,0,TRUE,FALSE,NA,NA,TRUE,NA,NA,FALSE,FALSE
Chalinolobus nigrogriseus,0,TRUE,FALSE,NA,NA,FALSE,NA,NA,FALSE,FALSE
Nyctophilus gouldi,0,TRUE,FALSE,NA,NA,FALSE,NA,NA,FALSE,FALSE
Nyctimene vizcaccia,0,TRUE,FALSE,NA,NA,FALSE,NA,NA,TRUE,FALSE
Vespadelus caurinus,0,TRUE,FALSE,NA,NA,TRUE,NA,NA,FALSE,FALSE
Miniopterus fuscus,0,FALSE,TRUE,NA,NA,TRUE,NA,NA,FALSE,FALSE
Hipposideros coronatus,0,FALSE,FALSE,NA,NA,TRUE,NA,NA,TRUE,FALSE
Myotis nipalensis,0,TRUE,FALSE,NA,NA,TRUE,NA,NA,FALSE,FALSE
Pteropus anetianus,0,TRUE,FALSE,NA,NA,FALSE,NA,NA,TRUE,FALSE
Cloeotis percivali,0,TRUE,FALSE,NA,NA,FALSE,NA,NA,TRUE,FALSE
Pteropus tonganus,0,TRUE,FALSE,NA,NA,TRUE,NA,NA,TRUE,FALSE
Hypsugo vordermanni,0,TRUE,TRUE,NA,NA,FALSE,NA,NA,FALSE,FALSE
Laephotis botswanae,0,TRUE,FALSE,NA,NA,FALSE,NA,NA,FALSE,FALSE
Hipposideros crumeniferus,0,FALSE,FALSE,NA,NA,FALSE,NA,NA,TRUE,FALSE
Chaerephon shortridgei,0,NA,FALSE,NA,NA,FALSE,NA,NA,FALSE,FALSE
Pipistrellus permixtus,0,NA,FALSE,NA,NA,FALSE,NA,NA,FALSE,FALSE
Pteropus woodfordi,0,TRUE,FALSE,NA,NA,FALSE,NA,NA,FALSE,FALSE
Taphozous hamiltoni,0,FALSE,TRUE,NA,NA,TRUE,NA,NA,FALSE,FALSE
Kerivoula cuprosa,0,TRUE,FALSE,NA,NA,FALSE,NA,NA,FALSE,FALSE
Syconycteris hobbit,0,TRUE,FALSE,NA,NA,FALSE,NA,NA,FALSE,FALSE
Macroderma gigas,0,FALSE,FALSE,NA,NA,TRUE,NA,NA,FALSE,FALSE
Myotis occultus,0,TRUE,FALSE,NA,NA,TRUE,NA,NA,FALSE,FALSE
Scotorepens greyii,0,TRUE,FALSE,NA,NA,FALSE,NA,NA,FALSE,FALSE
Mops petersoni,0,FALSE,TRUE,NA,NA,FALSE,NA,NA,FALSE,FALSE
Pteropus keyensis,0,TRUE,FALSE,NA,NA,FALSE,NA,NA,FALSE,FALSE
Hipposideros papua,0,FALSE,FALSE,NA,NA,FALSE,NA,NA,TRUE,FALSE
Myotis abei,0,NA,FALSE,NA,NA,FALSE,NA,NA,FALSE,FALSE
Pteropus gilliardorum,0,TRUE,FALSE,NA,NA,FALSE,NA,NA,FALSE,FALSE
Nyctinomops aurispinosus,0,FALSE,FALSE,NA,NA,TRUE,NA,NA,FALSE,FALSE
Phylloderma stenops,0,FALSE,FALSE,NA,NA,TRUE,NA,NA,FALSE,FALSE
Hypsugo lophurus,0,NA,TRUE,NA,NA,FALSE,NA,NA,FALSE,FALSE
Chiroderma salvini,0,TRUE,TRUE,NA,NA,TRUE,NA,NA,FALSE,FALSE
Neoromicia flavescens,0,TRUE,FALSE,NA,NA,FALSE,NA,NA,FALSE,FALSE
Centurio senex,0,TRUE,TRUE,NA,NA,TRUE,NA,NA,FALSE,FALSE
Hipposideros macrobullatus,0,FALSE,FALSE,NA,NA,FALSE,NA,NA,TRUE,FALSE
Lasiurus atratus,0,NA,FALSE,NA,NA,TRUE,NA,NA,NA,FALSE
Mops niveiventer,0,TRUE,FALSE,NA,NA,FALSE,NA,NA,FALSE,FALSE
Miniopterus fraterculus,0,TRUE,FALSE,NA,NA,TRUE,NA,NA,FALSE,FALSE
Dobsonia pannietensis,0,TRUE,FALSE,NA,NA,FALSE,NA,NA,FALSE,FALSE
Melonycteris woodfordi,0,TRUE,FALSE,NA,NA,FALSE,NA,NA,TRUE,FALSE
Nyctimene malaitensis,0,TRUE,FALSE,NA,NA,FALSE,NA,NA,TRUE,FALSE
Hipposideros sumbae,0,FALSE,FALSE,NA,NA,FALSE,NA,NA,TRUE,FALSE
Scotophilus borbonicus,0,TRUE,FALSE,NA,NA,FALSE,NA,NA,TRUE,FALSE
Pipistrellus aero,0,NA,FALSE,NA,NA,FALSE,NA,NA,FALSE,FALSE
Dobsonia inermis,0,TRUE,FALSE,NA,NA,FALSE,NA,NA,FALSE,FALSE
Pteronotus pristinus,0,NA,FALSE,NA,NA,TRUE,NA,NA,NA,FALSE
Dobsonia praedatrix,0,TRUE,FALSE,NA,NA,FALSE,NA,NA,FALSE,FALSE
Myotis alcathoe,0,NA,FALSE,NA,NA,TRUE,NA,NA,NA,FALSE
Glauconycteris alboguttata,0,TRUE,FALSE,NA,NA,FALSE,NA,NA,FALSE,FALSE
Kerivoula africana,0,NA,FALSE,NA,NA,TRUE,NA,NA,NA,FALSE
Plecotus kolombatovici,0,TRUE,FALSE,NA,NA,TRUE,NA,NA,FALSE,FALSE
Nyctophilus timoriensis,0,TRUE,FALSE,NA,NA,FALSE,NA,NA,FALSE,FALSE
Pipistrellus papuanus,0,TRUE,FALSE,NA,NA,FALSE,NA,NA,FALSE,FALSE
Nyctophilus howensis,0,NA,FALSE,NA,NA,TRUE,NA,NA,NA,FALSE
Coleura seychellensis,0,NA,FALSE,NA,NA,FALSE,NA,NA,FALSE,FALSE
Tadarida lobata,0,TRUE,FALSE,NA,NA,FALSE,NA,NA,FALSE,FALSE
Hipposideros scutinares,0,NA,FALSE,NA,NA,TRUE,NA,NA,NA,FALSE
Rhinolophus ziama,0,NA,FALSE,NA,NA,TRUE,NA,NA,NA,FALSE
Hypsugo crassulus,0,NA,TRUE,NA,NA,FALSE,NA,NA,FALSE,FALSE
Mormoops magna,0,NA,FALSE,NA,NA,TRUE,NA,NA,NA,FALSE
Pipistrellus sturdeei,0,NA,FALSE,NA,NA,TRUE,NA,NA,NA,FALSE
Nycteris parisii,0,FALSE,FALSE,NA,NA,FALSE,NA,NA,TRUE,FALSE
Histiotus humboldti,0,NA,FALSE,NA,NA,TRUE,NA,NA,NA,FALSE
Vespadelus finlaysoni,0,TRUE,FALSE,NA,NA,FALSE,NA,NA,FALSE,FALSE
Nyctophilus walkeri,0,TRUE,FALSE,NA,NA,FALSE,NA,NA,FALSE,FALSE
Mormopterus beccarii,0,FALSE,FALSE,NA,NA,FALSE,NA,NA,FALSE,FALSE
Myotis hermani,0,TRUE,TRUE,NA,NA,FALSE,NA,NA,FALSE,FALSE
Pteropus pelewensis,0,TRUE,FALSE,NA,NA,FALSE,NA,NA,FALSE,FALSE
Hipposideros inornatus,0,FALSE,FALSE,NA,NA,TRUE,NA,NA,TRUE,FALSE
Pteropus insularis,0,TRUE,FALSE,NA,NA,FALSE,NA,NA,FALSE,FALSE
Myotis ciliolabrum,0,TRUE,FALSE,NA,NA,TRUE,NA,NA,FALSE,FALSE
Myotis oreias,0,TRUE,TRUE,NA,NA,FALSE,NA,NA,FALSE,FALSE
Rhogeessa parvula,0,TRUE,FALSE,NA,NA,FALSE,NA,NA,FALSE,FALSE
Arielulus cuprosus,0,TRUE,FALSE,NA,NA,FALSE,NA,NA,FALSE,FALSE
Hipposideros pelingensis,0,FALSE,FALSE,NA,NA,FALSE,NA,NA,TRUE,FALSE
Myotis bucharensis,0,TRUE,FALSE,NA,NA,TRUE,NA,NA,FALSE,FALSE
Hesperoptenus doriae,0,TRUE,TRUE,NA,NA,FALSE,NA,NA,FALSE,FALSE
Scotorepens balstoni,0,TRUE,FALSE,NA,NA,FALSE,NA,NA,FALSE,FALSE
Enchisthenes hartii,0,TRUE,TRUE,NA,NA,TRUE,NA,NA,FALSE,FALSE
Eptesicus kobayashii,0,NA,FALSE,NA,NA,TRUE,NA,NA,FALSE,FALSE
Miniopterus gleni,0,NA,FALSE,NA,NA,FALSE,NA,NA,NA,FALSE
Sauromys petrophilus,0,TRUE,FALSE,NA,NA,FALSE,NA,NA,FALSE,FALSE
Pteropus molossinus,0,NA,FALSE,NA,NA,FALSE,NA,NA,FALSE,FALSE
Rhogeessa tumida,0,TRUE,FALSE,NA,NA,FALSE,NA,NA,FALSE,FALSE
Mormopterus loriae,0,FALSE,FALSE,NA,NA,FALSE,NA,NA,FALSE,FALSE
Hipposideros thomensis,0,FALSE,FALSE,NA,NA,FALSE,NA,NA,TRUE,FALSE
Myotis goudoti,0,TRUE,FALSE,NA,NA,FALSE,NA,NA,FALSE,FALSE
Molossus sinaloae,0,FALSE,FALSE,NA,NA,TRUE,NA,NA,FALSE,FALSE
Glauconycteris kenyacola,0,NA,FALSE,NA,NA,FALSE,NA,NA,FALSE,FALSE
Hypsugo kitcheneri,0,TRUE,FALSE,NA,NA,FALSE,NA,NA,FALSE,FALSE
Miniopterus minor,0,FALSE,TRUE,NA,NA,FALSE,NA,NA,FALSE,FALSE
Pipistrellus minahassae,0,NA,FALSE,NA,NA,FALSE,NA,NA,FALSE,FALSE
Pteropus vetulus,0,TRUE,FALSE,NA,NA,FALSE,NA,NA,FALSE,FALSE
Pteropus aruensis,0,TRUE,FALSE,NA,NA,FALSE,NA,NA,FALSE,FALSE
Mormopterus doriae,0,FALSE,TRUE,NA,NA,FALSE,NA,NA,FALSE,FALSE
Nycteris woodi,0,FALSE,FALSE,NA,NA,FALSE,NA,NA,FALSE,FALSE
Triaenops furculus,0,FALSE,FALSE,NA,NA,FALSE,NA,NA,FALSE,FALSE
Myotis australis,0,TRUE,FALSE,NA,NA,TRUE,NA,NA,FALSE,FALSE
Mops leucostigma,0,FALSE,FALSE,NA,NA,TRUE,NA,NA,FALSE,FALSE
Pipistrellus collinus,0,TRUE,FALSE,NA,NA,FALSE,NA,NA,FALSE,FALSE
Idionycteris phyllotis,0,TRUE,FALSE,NA,NA,FALSE,NA,NA,FALSE,FALSE
Artibeus aztecus,0,FALSE,FALSE,NA,NA,FALSE,NA,NA,FALSE,FALSE
Saccopteryx bilineata,0,FALSE,FALSE,NA,NA,TRUE,NA,NA,FALSE,FALSE
Plecotus sardus,0,NA,FALSE,NA,NA,TRUE,NA,NA,NA,FALSE
Notopteris macdonaldi,0,TRUE,FALSE,NA,NA,FALSE,NA,NA,TRUE,FALSE
Plecotus alpinus,0,NA,FALSE,NA,NA,TRUE,NA,NA,NA,FALSE
Tadarida australis,0,FALSE,FALSE,NA,NA,FALSE,NA,NA,FALSE,FALSE
Pipistrellus angulatus,0,TRUE,FALSE,NA,NA,FALSE,NA,NA,FALSE,FALSE
Rhogeessa gracilis,0,TRUE,FALSE,NA,NA,FALSE,NA,NA,FALSE,FALSE
Pteropus tuberculatus,0,TRUE,FALSE,NA,NA,FALSE,NA,NA,FALSE,FALSE
Bauerus dubiaquercus,0,TRUE,FALSE,NA,NA,FALSE,NA,NA,FALSE,FALSE
Hipposideros semoni,0,FALSE,FALSE,NA,NA,FALSE,NA,NA,TRUE,FALSE
Cistugo seabrae,0,TRUE,FALSE,NA,NA,FALSE,NA,NA,FALSE,FALSE
Pteropus cognatus,0,TRUE,FALSE,NA,NA,FALSE,NA,NA,FALSE,FALSE
Laephotis angolensis,0,TRUE,FALSE,NA,NA,FALSE,NA,NA,FALSE,FALSE
Vampyressa thyone,0,TRUE,TRUE,NA,NA,TRUE,NA,NA,FALSE,FALSE
Phoniscus aerosa,0,NA,FALSE,NA,NA,TRUE,NA,NA,FALSE,FALSE
Taphozous georgianus,0,FALSE,FALSE,NA,NA,TRUE,NA,NA,FALSE,FALSE
Taphozous hildegardeae,0,FALSE,FALSE,NA,NA,TRUE,NA,NA,FALSE,FALSE
Pteropus rennelli,0,TRUE,FALSE,NA,NA,FALSE,NA,NA,FALSE,FALSE
Vespadelus darlingtoni,0,TRUE,FALSE,NA,NA,FALSE,NA,NA,FALSE,FALSE
Hipposideros maggietaylorae,0,FALSE,FALSE,NA,NA,FALSE,NA,NA,TRUE,FALSE
Scotorepens orion,0,TRUE,FALSE,NA,NA,FALSE,NA,NA,FALSE,FALSE
Laephotis namibensis,0,TRUE,FALSE,NA,NA,FALSE,NA,NA,FALSE,FALSE
Myotis keaysi,0,TRUE,FALSE,NA,NA,FALSE,NA,NA,FALSE,FALSE
Artibeus concolor,0,TRUE,FALSE,NA,NA,FALSE,NA,NA,FALSE,FALSE
Falsistrellus tasmaniensis,0,TRUE,FALSE,NA,NA,FALSE,NA,NA,FALSE,FALSE
Hipposideros calcaratus,0,FALSE,FALSE,NA,NA,FALSE,NA,NA,TRUE,FALSE
Vampyressa pusilla,0,FALSE,TRUE,NA,NA,TRUE,NA,NA,FALSE,FALSE
Corynorhinus rafinesquii,0,TRUE,FALSE,NA,NA,FALSE,NA,NA,FALSE,FALSE
Hesperoptenus gaskelli,0,NA,FALSE,NA,NA,FALSE,NA,NA,FALSE,FALSE
Lasiurus salinae,0,TRUE,FALSE,NA,NA,TRUE,NA,NA,FALSE,FALSE
Rhogeessa io,0,TRUE,FALSE,NA,NA,FALSE,NA,NA,FALSE,FALSE
Mormopterus acetabulosus,0,FALSE,FALSE,NA,NA,FALSE,NA,NA,FALSE,FALSE
Vampyrum spectrum,0,TRUE,FALSE,NA,NA,FALSE,NA,NA,FALSE,FALSE
Emballonura raffrayana,0,FALSE,FALSE,NA,NA,FALSE,NA,NA,FALSE,FALSE
Pteronotus gymnonotus,0,TRUE,FALSE,NA,NA,FALSE,NA,NA,FALSE,FALSE
Rhogeessa alleni,0,TRUE,FALSE,NA,NA,FALSE,NA,NA,FALSE,FALSE
Myotis fortidens,0,TRUE,FALSE,NA,NA,FALSE,NA,NA,FALSE,FALSE
Vespadelus douglasorum,0,TRUE,FALSE,NA,NA,FALSE,NA,NA,FALSE,FALSE
Hypsugo anchietae,0,NA,FALSE,NA,NA,FALSE,NA,NA,FALSE,FALSE
Aselliscus tricuspidatus,0,FALSE,FALSE,NA,NA,FALSE,NA,NA,TRUE,FALSE
Miniopterus shortridgei,0,FALSE,FALSE,NA,NA,TRUE,NA,NA,FALSE,FALSE
Artibeus amplus,0,TRUE,FALSE,NA,NA,FALSE,NA,NA,FALSE,FALSE
Scoteanax rueppellii,0,TRUE,FALSE,NA,NA,FALSE,NA,NA,FALSE,FALSE
Mormopterus jugularis,0,FALSE,FALSE,NA,NA,FALSE,NA,NA,FALSE,FALSE
Murina florium,0,TRUE,FALSE,NA,NA,FALSE,NA,NA,FALSE,FALSE
Taphozous hilli,0,FALSE,FALSE,NA,NA,FALSE,NA,NA,FALSE,FALSE
Balantiopteryx plicata,0,FALSE,FALSE,NA,NA,FALSE,NA,NA,FALSE,FALSE
Miniopterus majori,0,FALSE,FALSE,NA,NA,TRUE,NA,NA,FALSE,FALSE
Chaerephon tomensis,0,NA,FALSE,NA,NA,FALSE,NA,NA,NA,FALSE
Chiroderma villosum,0,TRUE,FALSE,NA,NA,FALSE,NA,NA,FALSE,FALSE
Myotis melanorhinus,0,TRUE,FALSE,NA,NA,FALSE,NA,NA,FALSE,FALSE
Pteropus nitendiensis,0,NA,FALSE,NA,NA,FALSE,NA,NA,FALSE,FALSE
Eumops underwoodi,0,FALSE,FALSE,NA,NA,FALSE,NA,NA,FALSE,FALSE
Artibeus hirsutus,0,FALSE,FALSE,NA,NA,FALSE,NA,NA,FALSE,FALSE
Hipposideros corynophyllus,0,FALSE,FALSE,NA,NA,FALSE,NA,NA,TRUE,FALSE
Pteralopex pulchra,0,TRUE,FALSE,NA,NA,FALSE,NA,NA,FALSE,FALSE
Uroderma magnirostrum,0,FALSE,FALSE,NA,NA,FALSE,NA,NA,FALSE,FALSE
Pipistrellus wattsi,0,TRUE,FALSE,NA,NA,FALSE,NA,NA,FALSE,FALSE
Corynorhinus mexicanus,0,TRUE,FALSE,NA,NA,FALSE,NA,NA,FALSE,FALSE
Notopteris neocaledonica,0,TRUE,FALSE,NA,NA,FALSE,NA,NA,FALSE,FALSE
Platyrrhinus vittatus,0,TRUE,FALSE,NA,NA,FALSE,NA,NA,FALSE,FALSE
Nyctinomops femorosaccus,0,FALSE,FALSE,NA,NA,FALSE,NA,NA,FALSE,FALSE
Nyctimene keasti,0,NA,FALSE,NA,NA,FALSE,NA,NA,NA,FALSE
Triaenops auritus,0,FALSE,FALSE,NA,NA,FALSE,NA,NA,TRUE,FALSE
Nycticeius aenobarbus,0,NA,FALSE,NA,NA,TRUE,NA,NA,FALSE,FALSE
Pteropus ualanus,0,NA,FALSE,NA,NA,FALSE,NA,NA,FALSE,FALSE
Pteronotus macleayii,0,FALSE,FALSE,NA,NA,FALSE,NA,NA,FALSE,FALSE
Promops centralis,0,FALSE,FALSE,NA,NA,FALSE,NA,NA,FALSE,FALSE
Miniopterus paululus,0,FALSE,FALSE,NA,NA,TRUE,NA,NA,FALSE,FALSE
Lasiurus varius,0,TRUE,FALSE,NA,NA,TRUE,NA,NA,FALSE,FALSE
Hipposideros muscinus,0,FALSE,FALSE,NA,NA,FALSE,NA,NA,TRUE,FALSE
Otomops secundus,0,NA,FALSE,NA,NA,FALSE,NA,NA,FALSE,FALSE
Myotis sodalis,0,TRUE,FALSE,NA,NA,FALSE,NA,NA,FALSE,FALSE
Cistugo lesueuri,0,TRUE,FALSE,NA,NA,FALSE,NA,NA,FALSE,FALSE
Chalinolobus picatus,0,TRUE,FALSE,NA,NA,FALSE,NA,NA,FALSE,FALSE
Vespadelus troughtoni,0,TRUE,FALSE,NA,NA,FALSE,NA,NA,FALSE,FALSE
Mormopterus planiceps,0,FALSE,FALSE,NA,NA,FALSE,NA,NA,FALSE,FALSE
Molossus pretiosus,0,TRUE,FALSE,NA,NA,FALSE,NA,NA,FALSE,FALSE
Pteropus howensis,0,NA,FALSE,NA,NA,FALSE,NA,NA,FALSE,FALSE
Hypsugo musciculus,0,NA,FALSE,NA,NA,FALSE,NA,NA,FALSE,FALSE
Myotis elegans,0,TRUE,FALSE,NA,NA,FALSE,NA,NA,FALSE,FALSE
Noctilio leporinus,0,FALSE,FALSE,NA,NA,TRUE,NA,NA,FALSE,FALSE
Mops niangarae,0,FALSE,FALSE,NA,NA,FALSE,NA,NA,FALSE,FALSE
Glauconycteris curryae,0,NA,FALSE,NA,NA,FALSE,NA,NA,NA,FALSE
Nycteris madagascariensis,0,FALSE,FALSE,NA,NA,FALSE,NA,NA,FALSE,FALSE
Myotis oxyotus,0,TRUE,FALSE,NA,NA,FALSE,NA,NA,FALSE,FALSE
Nyctophilus heran,0,TRUE,FALSE,NA,NA,FALSE,NA,NA,FALSE,FALSE
Pteropus fundatus,0,NA,FALSE,NA,NA,FALSE,NA,NA,FALSE,FALSE
Glauconycteris machadoi,0,TRUE,FALSE,NA,NA,FALSE,NA,NA,FALSE,FALSE
Taphozous kapalgensis,0,FALSE,FALSE,NA,NA,TRUE,NA,NA,FALSE,FALSE
Molossus aztecus,0,FALSE,FALSE,NA,NA,FALSE,NA,NA,FALSE,FALSE
Eumops dabbenei,0,FALSE,FALSE,NA,NA,FALSE,NA,NA,FALSE,FALSE
Mosia nigrescens,0,FALSE,FALSE,NA,NA,FALSE,NA,NA,FALSE,FALSE
Artibeus glaucus,0,TRUE,FALSE,NA,NA,FALSE,NA,NA,FALSE,FALSE
Cynomops greenhalli,0,TRUE,FALSE,NA,NA,FALSE,NA,NA,FALSE,FALSE
Pteralopex acrodonta,0,NA,FALSE,NA,NA,FALSE,NA,NA,FALSE,FALSE
Molossops mattogrossensis,0,TRUE,FALSE,NA,NA,FALSE,NA,NA,FALSE,FALSE
Myotis planiceps,0,TRUE,FALSE,NA,NA,FALSE,NA,NA,FALSE,FALSE
Rhogeessa minutilla,0,TRUE,FALSE,NA,NA,FALSE,NA,NA,FALSE,FALSE
Rhogeessa mira,0,TRUE,FALSE,NA,NA,FALSE,NA,NA,FALSE,FALSE
Brachyphylla cavernarum,0,FALSE,FALSE,NA,NA,FALSE,NA,NA,FALSE,FALSE
Myzopoda aurita,0,FALSE,FALSE,NA,NA,FALSE,NA,NA,FALSE,FALSE
Vespadelus vulturnus,0,TRUE,FALSE,NA,NA,FALSE,NA,NA,FALSE,FALSE
Myotis stalkeri,0,TRUE,FALSE,NA,NA,FALSE,NA,NA,FALSE,FALSE
Artibeus gnomus,0,TRUE,FALSE,NA,NA,FALSE,NA,NA,FALSE,FALSE
Brachyphylla nana,0,FALSE,FALSE,NA,NA,FALSE,NA,NA,FALSE,FALSE
Glyphonycteris sylvestris,0,FALSE,FALSE,NA,NA,TRUE,NA,NA,FALSE,FALSE
Hipposideros wollastoni,0,FALSE,FALSE,NA,NA,FALSE,NA,NA,TRUE,FALSE
Noctilio albiventris,0,FALSE,FALSE,NA,NA,TRUE,NA,NA,FALSE,FALSE
Nycticeius cubanus,0,TRUE,FALSE,NA,NA,FALSE,NA,NA,FALSE,FALSE
Leptonycteris yerbabuenae,0,FALSE,FALSE,NA,NA,FALSE,NA,NA,FALSE,FALSE
Myotis ruber,0,TRUE,FALSE,NA,NA,FALSE,NA,NA,FALSE,FALSE
Miniopterus manavi,0,FALSE,FALSE,NA,NA,TRUE,NA,NA,FALSE,FALSE
Plecotus balensis,0,NA,FALSE,NA,NA,FALSE,NA,NA,NA,FALSE
Nyctophilus microtis,0,TRUE,FALSE,NA,NA,FALSE,NA,NA,FALSE,FALSE
Phoniscus papuensis,0,TRUE,FALSE,NA,NA,FALSE,NA,NA,FALSE,FALSE
Chalinolobus dwyeri,0,TRUE,FALSE,NA,NA,FALSE,NA,NA,FALSE,FALSE
Platyrrhinus recifinus,0,FALSE,FALSE,NA,NA,FALSE,NA,NA,FALSE,FALSE
Otomops johnstonei,0,NA,FALSE,NA,NA,FALSE,NA,NA,NA,FALSE
Sturnira aratathomasi,0,FALSE,FALSE,NA,NA,FALSE,NA,NA,FALSE,FALSE
Peropteryx kappleri,0,FALSE,FALSE,NA,NA,TRUE,NA,NA,FALSE,FALSE
Artibeus inopinatus,0,FALSE,FALSE,NA,NA,FALSE,NA,NA,FALSE,FALSE
Eptesicus guadeloupensis,0,TRUE,FALSE,NA,NA,FALSE,NA,NA,FALSE,FALSE
Mimon bennettii,0,TRUE,FALSE,NA,NA,TRUE,NA,NA,FALSE,FALSE
Peropteryx macrotis,0,FALSE,FALSE,NA,NA,TRUE,NA,NA,FALSE,FALSE
Anthops ornatus,0,FALSE,FALSE,NA,NA,FALSE,NA,NA,TRUE,FALSE
Cynomops mexicanus,0,FALSE,FALSE,NA,NA,FALSE,NA,NA,FALSE,FALSE
Myotis nesopolus,0,TRUE,FALSE,NA,NA,FALSE,NA,NA,FALSE,FALSE
Trachops cirrhosus,0,FALSE,FALSE,NA,NA,TRUE,NA,NA,FALSE,FALSE
Chiroderma doriae,0,FALSE,FALSE,NA,NA,FALSE,NA,NA,FALSE,FALSE
Myotis dominicensis,0,TRUE,FALSE,NA,NA,FALSE,NA,NA,FALSE,FALSE
Platyrrhinus umbratus,0,FALSE,FALSE,NA,NA,FALSE,NA,NA,FALSE,FALSE
Otomops madagascariensis,0,FALSE,FALSE,NA,NA,FALSE,NA,NA,FALSE,FALSE
Rhinolophus maendeleo,0,NA,FALSE,NA,NA,FALSE,NA,NA,NA,FALSE
Chaerephon gallagheri,0,FALSE,FALSE,NA,NA,FALSE,NA,NA,FALSE,FALSE
Lasiurus insularis,0,TRUE,FALSE,NA,NA,FALSE,NA,NA,FALSE,FALSE
Myotis auriculus,0,TRUE,FALSE,NA,NA,FALSE,NA,NA,FALSE,FALSE
Chalinolobus tuberculatus,0,TRUE,FALSE,NA,NA,FALSE,NA,NA,FALSE,FALSE
Eumops bonariensis,0,FALSE,FALSE,NA,NA,FALSE,NA,NA,FALSE,FALSE
Rhogeessa aeneus,0,TRUE,FALSE,NA,NA,FALSE,NA,NA,FALSE,FALSE
Hipposideros dinops,0,FALSE,FALSE,NA,NA,FALSE,NA,NA,FALSE,FALSE
Pteronotus quadridens,0,FALSE,FALSE,NA,NA,FALSE,NA,NA,TRUE,FALSE
Nycteris vinsoni,0,FALSE,FALSE,NA,NA,FALSE,NA,NA,FALSE,FALSE
Phyllostomus elongatus,0,FALSE,FALSE,NA,NA,FALSE,NA,NA,FALSE,FALSE
Kerivoula muscina,0,TRUE,FALSE,NA,NA,FALSE,NA,NA,FALSE,FALSE
Choeronycteris mexicana,0,FALSE,FALSE,NA,NA,FALSE,NA,NA,FALSE,FALSE
Anoura latidens,0,TRUE,FALSE,NA,NA,FALSE,NA,NA,FALSE,FALSE
Cynomops paranus,0,FALSE,FALSE,NA,NA,FALSE,NA,NA,FALSE,FALSE
Eptesicus innoxius,0,TRUE,FALSE,NA,NA,FALSE,NA,NA,FALSE,FALSE
Histiotus laephotis,0,TRUE,FALSE,NA,NA,FALSE,NA,NA,FALSE,FALSE
Choeroniscus godmani,0,TRUE,FALSE,NA,NA,FALSE,NA,NA,FALSE,FALSE
Mormopterus minutus,0,FALSE,FALSE,NA,NA,FALSE,NA,NA,FALSE,FALSE
Histiotus alienus,0,TRUE,FALSE,NA,NA,FALSE,NA,NA,FALSE,FALSE
Hylonycteris underwoodi,0,FALSE,FALSE,NA,NA,FALSE,NA,NA,FALSE,FALSE
Stenoderma rufum,0,FALSE,FALSE,NA,NA,FALSE,NA,NA,FALSE,FALSE
Ardops nichollsi,0,FALSE,FALSE,NA,NA,FALSE,NA,NA,FALSE,FALSE
Taphozous achates,0,FALSE,FALSE,NA,NA,FALSE,NA,NA,FALSE,FALSE
Myotis martiniquensis,0,TRUE,FALSE,NA,NA,FALSE,NA,NA,FALSE,FALSE
Eptesicus andinus,0,TRUE,FALSE,NA,NA,FALSE,NA,NA,FALSE,FALSE
Carollia castanea,0,FALSE,FALSE,NA,NA,FALSE,NA,NA,FALSE,FALSE
Artibeus watsoni,0,FALSE,FALSE,NA,NA,FALSE,NA,NA,FALSE,FALSE
Myotis simus,0,TRUE,FALSE,NA,NA,FALSE,NA,NA,FALSE,FALSE
Myotis aelleni,0,TRUE,FALSE,NA,NA,FALSE,NA,NA,FALSE,FALSE
Lasiurus pfeifferi,0,TRUE,FALSE,NA,NA,FALSE,NA,NA,FALSE,FALSE
Chiroderma improvisum,0,FALSE,FALSE,NA,NA,FALSE,NA,NA,FALSE,FALSE
Platyrrhinus dorsalis,0,FALSE,FALSE,NA,NA,FALSE,NA,NA,FALSE,FALSE
Emballonura atrata,0,FALSE,FALSE,NA,NA,FALSE,NA,NA,FALSE,FALSE
Lasiurus minor,0,TRUE,FALSE,NA,NA,FALSE,NA,NA,FALSE,FALSE
Emballonura semicaudata,0,FALSE,FALSE,NA,NA,FALSE,NA,NA,FALSE,FALSE
Myotis peninsularis,0,TRUE,FALSE,NA,NA,FALSE,NA,NA,FALSE,FALSE
Eptesicus chiriquinus,0,TRUE,FALSE,NA,NA,FALSE,NA,NA,FALSE,FALSE
Hipposideros demissus,0,FALSE,FALSE,NA,NA,FALSE,NA,NA,TRUE,FALSE
Platyrrhinus aurarius,0,TRUE,FALSE,NA,NA,FALSE,NA,NA,FALSE,FALSE
Emballonura furax,0,FALSE,FALSE,NA,NA,FALSE,NA,NA,FALSE,FALSE
Mormoops blainvillei,0,FALSE,FALSE,NA,NA,FALSE,NA,NA,FALSE,FALSE
Centronycteris maximiliani,0,FALSE,FALSE,NA,NA,FALSE,NA,NA,FALSE,FALSE
Promops nasutus,0,FALSE,FALSE,NA,NA,FALSE,NA,NA,FALSE,FALSE
Rhinophylla pumilio,0,TRUE,FALSE,NA,NA,FALSE,NA,NA,FALSE,FALSE
Macrophyllum macrophyllum,0,FALSE,FALSE,NA,NA,FALSE,NA,NA,FALSE,FALSE
Ametrida centurio,0,TRUE,FALSE,NA,NA,FALSE,NA,NA,FALSE,FALSE
Thyroptera tricolor,0,FALSE,FALSE,NA,NA,FALSE,NA,NA,FALSE,FALSE
Tadarida kuboriensis,0,FALSE,FALSE,NA,NA,FALSE,NA,NA,FALSE,FALSE
Anoura cultrata,0,TRUE,FALSE,NA,NA,FALSE,NA,NA,FALSE,FALSE
Mormopterus norfolkensis,0,FALSE,FALSE,NA,NA,FALSE,NA,NA,FALSE,FALSE
Natalus primus,0,FALSE,FALSE,NA,NA,FALSE,NA,NA,FALSE,FALSE
Nyctiellus lepidus,0,FALSE,FALSE,NA,NA,FALSE,NA,NA,FALSE,FALSE
Otomops papuensis,0,FALSE,FALSE,NA,NA,FALSE,NA,NA,FALSE,FALSE
Nyctophilus microdon,0,TRUE,FALSE,NA,NA,FALSE,NA,NA,FALSE,FALSE
Myotis vivesi,0,TRUE,FALSE,NA,NA,FALSE,NA,NA,FALSE,FALSE
Eumops maurus,0,FALSE,FALSE,NA,NA,FALSE,NA,NA,FALSE,FALSE
Erophylla sezekorni,0,FALSE,FALSE,NA,NA,FALSE,NA,NA,FALSE,FALSE
Myotis findleyi,0,TRUE,FALSE,NA,NA,FALSE,NA,NA,FALSE,FALSE
Chaerephon solomonis,0,FALSE,FALSE,NA,NA,FALSE,NA,NA,FALSE,FALSE
Saccopteryx leptura,0,FALSE,FALSE,NA,NA,FALSE,NA,NA,FALSE,FALSE
Kerivoula agnella,0,TRUE,FALSE,NA,NA,FALSE,NA,NA,FALSE,FALSE
Rhogeessa genowaysi,0,TRUE,FALSE,NA,NA,FALSE,NA,NA,FALSE,FALSE
Platyrrhinus infuscus,0,FALSE,FALSE,NA,NA,FALSE,NA,NA,FALSE,FALSE
Nyctimene sanctacrucis,0,NA,FALSE,NA,NA,FALSE,NA,NA,NA,FALSE
Taphozous troughtoni,0,FALSE,FALSE,NA,NA,FALSE,NA,NA,FALSE,FALSE
Molossus currentium,0,FALSE,FALSE,NA,NA,FALSE,NA,NA,FALSE,FALSE
Taphozous australis,0,FALSE,FALSE,NA,NA,FALSE,NA,NA,FALSE,FALSE
Molossops temminckii,0,FALSE,FALSE,NA,NA,FALSE,NA,NA,FALSE,FALSE
Platyrrhinus brachycephalus,0,TRUE,FALSE,NA,NA,FALSE,NA,NA,FALSE,FALSE
Rhinolophus sakejiensis,0,NA,FALSE,NA,NA,FALSE,NA,NA,NA,FALSE
Molossus coibensis,0,TRUE,FALSE,NA,NA,FALSE,NA,NA,FALSE,FALSE
Phyllops falcatus,0,FALSE,FALSE,NA,NA,FALSE,NA,NA,FALSE,FALSE
Micronycteris schmidtorum,0,TRUE,FALSE,NA,NA,FALSE,NA,NA,FALSE,FALSE
Pharotis imogene,0,TRUE,FALSE,NA,NA,FALSE,NA,NA,FALSE,FALSE
Artibeus anderseni,0,FALSE,FALSE,NA,NA,FALSE,NA,NA,FALSE,FALSE
Phyllostomus latifolius,0,FALSE,FALSE,NA,NA,FALSE,NA,NA,FALSE,FALSE
Micronycteris microtis,0,TRUE,FALSE,NA,NA,FALSE,NA,NA,FALSE,FALSE
Tonatia saurophila,0,TRUE,FALSE,NA,NA,FALSE,NA,NA,FALSE,FALSE
Saccolaimus mixtus,0,FALSE,FALSE,NA,NA,FALSE,NA,NA,FALSE,FALSE
Chiroderma trinitatum,0,FALSE,FALSE,NA,NA,FALSE,NA,NA,FALSE,FALSE
Kerivoula myrella,0,TRUE,FALSE,NA,NA,FALSE,NA,NA,FALSE,FALSE
Vampyressa nymphaea,0,FALSE,FALSE,NA,NA,FALSE,NA,NA,FALSE,FALSE
Emballonura beccarii,0,FALSE,FALSE,NA,NA,FALSE,NA,NA,FALSE,FALSE
Eumops trumbulli,0,FALSE,FALSE,NA,NA,FALSE,NA,NA,FALSE,FALSE
Sturnira thomasi,0,FALSE,FALSE,NA,NA,FALSE,NA,NA,FALSE,FALSE
Chalinolobus neocaledonicus,0,TRUE,FALSE,NA,NA,FALSE,NA,NA,FALSE,FALSE
Furipterus horrens,0,FALSE,FALSE,NA,NA,FALSE,NA,NA,FALSE,FALSE
Mormopterus kalinowskii,0,FALSE,FALSE,NA,NA,FALSE,NA,NA,FALSE,FALSE
Lophostoma brasiliense,0,TRUE,FALSE,NA,NA,FALSE,NA,NA,FALSE,FALSE
Myotis anjouanensis,0,NA,FALSE,NA,NA,FALSE,NA,NA,FALSE,FALSE
Chaerephon bregullae,0,FALSE,FALSE,NA,NA,FALSE,NA,NA,FALSE,FALSE
Pteropus banakrisi,0,NA,FALSE,NA,NA,FALSE,NA,NA,NA,FALSE
Pygoderma bilabiatum,0,FALSE,FALSE,NA,NA,FALSE,NA,NA,FALSE,FALSE
Tonatia bidens,0,FALSE,FALSE,NA,NA,FALSE,NA,NA,FALSE,FALSE
Macrotus waterhousii,0,FALSE,FALSE,NA,NA,FALSE,NA,NA,FALSE,FALSE
Histiotus magellanicus,0,TRUE,FALSE,NA,NA,FALSE,NA,NA,FALSE,FALSE
Glyphonycteris daviesi,0,TRUE,FALSE,NA,NA,FALSE,NA,NA,FALSE,FALSE
Artibeus fraterculus,0,FALSE,FALSE,NA,NA,FALSE,NA,NA,FALSE,FALSE
Myotis atacamensis,0,TRUE,FALSE,NA,NA,FALSE,NA,NA,FALSE,FALSE
Miniopterus macrocneme,0,FALSE,FALSE,NA,NA,FALSE,NA,NA,FALSE,FALSE
Sturnira bogotensis,0,FALSE,FALSE,NA,NA,FALSE,NA,NA,FALSE,FALSE
Natalus major,0,FALSE,FALSE,NA,NA,FALSE,NA,NA,FALSE,FALSE
Histiotus macrotus,0,TRUE,FALSE,NA,NA,FALSE,NA,NA,FALSE,FALSE
Mimon cozumelae,0,FALSE,FALSE,NA,NA,FALSE,NA,NA,FALSE,FALSE
Vampyressa bidens,0,TRUE,FALSE,NA,NA,FALSE,NA,NA,FALSE,FALSE
Melonycteris fardoulisi,0,NA,FALSE,NA,NA,FALSE,NA,NA,NA,FALSE
Sturnira mordax,0,FALSE,FALSE,NA,NA,FALSE,NA,NA,FALSE,FALSE
Chilonatalus tumidifrons,0,FALSE,FALSE,NA,NA,FALSE,NA,NA,FALSE,FALSE
Glossophaga leachii,0,FALSE,FALSE,NA,NA,FALSE,NA,NA,FALSE,FALSE
Lonchophylla mordax,0,FALSE,FALSE,NA,NA,FALSE,NA,NA,FALSE,FALSE
Sturnira bidens,0,FALSE,FALSE,NA,NA,FALSE,NA,NA,FALSE,FALSE
Sturnira luisi,0,FALSE,FALSE,NA,NA,FALSE,NA,NA,FALSE,FALSE
Pteralopex taki,0,NA,FALSE,NA,NA,FALSE,NA,NA,NA,FALSE
Sphaeronycteris toxophyllum,0,FALSE,FALSE,NA,NA,FALSE,NA,NA,FALSE,FALSE
Micronycteris minuta,0,FALSE,FALSE,NA,NA,FALSE,NA,NA,FALSE,FALSE
Chilonatalus micropus,0,FALSE,FALSE,NA,NA,FALSE,NA,NA,FALSE,FALSE
Lasiurus castaneus,0,TRUE,FALSE,NA,NA,FALSE,NA,NA,FALSE,FALSE
Myotis insularum,0,TRUE,FALSE,NA,NA,FALSE,NA,NA,FALSE,FALSE
Peropteryx leucoptera,0,FALSE,FALSE,NA,NA,FALSE,NA,NA,FALSE,FALSE
Molossus barnesi,0,FALSE,FALSE,NA,NA,FALSE,NA,NA,FALSE,FALSE
Vampyressa brocki,0,FALSE,FALSE,NA,NA,FALSE,NA,NA,FALSE,FALSE
Eumops hansae,0,TRUE,FALSE,NA,NA,FALSE,NA,NA,FALSE,FALSE
Centronycteris centralis,0,FALSE,FALSE,NA,NA,FALSE,NA,NA,FALSE,FALSE
Sturnira magna,0,FALSE,FALSE,NA,NA,FALSE,NA,NA,FALSE,FALSE
Phyllonycteris poeyi,0,FALSE,FALSE,NA,NA,FALSE,NA,NA,FALSE,FALSE
Emballonura dianae,0,FALSE,FALSE,NA,NA,FALSE,NA,NA,FALSE,FALSE
Rhinophylla fischerae,0,TRUE,FALSE,NA,NA,FALSE,NA,NA,FALSE,FALSE
Molossops aequatorianus,0,FALSE,FALSE,NA,NA,FALSE,NA,NA,FALSE,FALSE
Cormura brevirostris,0,FALSE,FALSE,NA,NA,FALSE,NA,NA,FALSE,FALSE
Hipposideros edwardshilli,0,NA,FALSE,NA,NA,FALSE,NA,NA,NA,FALSE
Lonchophylla thomasi,0,TRUE,FALSE,NA,NA,FALSE,NA,NA,FALSE,FALSE
Mormopterus phrudus,0,FALSE,FALSE,NA,NA,FALSE,NA,NA,FALSE,FALSE
Ectophylla alba,0,FALSE,FALSE,NA,NA,FALSE,NA,NA,FALSE,FALSE
Lasiurus degelidus,0,TRUE,FALSE,NA,NA,FALSE,NA,NA,FALSE,FALSE
Musonycteris harrisoni,0,FALSE,FALSE,NA,NA,FALSE,NA,NA,FALSE,FALSE
Erophylla bombifrons,0,FALSE,FALSE,NA,NA,FALSE,NA,NA,FALSE,FALSE
Thyroptera discifera,0,FALSE,FALSE,NA,NA,FALSE,NA,NA,FALSE,FALSE
Micronycteris hirsuta,0,TRUE,FALSE,NA,NA,FALSE,NA,NA,FALSE,FALSE
Monophyllus redmani,0,FALSE,FALSE,NA,NA,FALSE,NA,NA,FALSE,FALSE
Diclidurus ingens,0,FALSE,FALSE,NA,NA,FALSE,NA,NA,FALSE,FALSE
Scleronycteris ega,0,FALSE,FALSE,NA,NA,FALSE,NA,NA,FALSE,FALSE
Natalus jamaicensis,0,FALSE,FALSE,NA,NA,FALSE,NA,NA,FALSE,FALSE
Monophyllus plethodon,0,FALSE,FALSE,NA,NA,FALSE,NA,NA,FALSE,FALSE
Lionycteris spurrelli,0,TRUE,FALSE,NA,NA,FALSE,NA,NA,FALSE,FALSE
Vampyressa melissa,0,FALSE,FALSE,NA,NA,FALSE,NA,NA,FALSE,FALSE
Amorphochilus schnablii,0,FALSE,FALSE,NA,NA,FALSE,NA,NA,FALSE,FALSE
Sturnira oporaphilum,0,FALSE,FALSE,NA,NA,FALSE,NA,NA,FALSE,FALSE
Saccopteryx canescens,0,FALSE,FALSE,NA,NA,FALSE,NA,NA,FALSE,FALSE
Choeroniscus minor,0,TRUE,FALSE,NA,NA,FALSE,NA,NA,FALSE,FALSE
Ariteus flavescens,0,FALSE,FALSE,NA,NA,FALSE,NA,NA,FALSE,FALSE
Balantiopteryx io,0,FALSE,FALSE,NA,NA,FALSE,NA,NA,FALSE,FALSE
Cyttarops alecto,0,FALSE,FALSE,NA,NA,FALSE,NA,NA,FALSE,FALSE
Saccopteryx gymnura,0,FALSE,FALSE,NA,NA,FALSE,NA,NA,FALSE,FALSE
Lophostoma carrikeri,0,TRUE,FALSE,NA,NA,FALSE,NA,NA,FALSE,FALSE
Diclidurus isabellus,0,FALSE,FALSE,NA,NA,FALSE,NA,NA,FALSE,FALSE
Lampronycteris brachyotis,0,FALSE,FALSE,NA,NA,FALSE,NA,NA,FALSE,FALSE
Diclidurus scutatus,0,FALSE,FALSE,NA,NA,FALSE,NA,NA,FALSE,FALSE
Peropteryx trinitatis,0,FALSE,FALSE,NA,NA,FALSE,NA,NA,FALSE,FALSE
Lonchophylla bokermanni,0,FALSE,FALSE,NA,NA,FALSE,NA,NA,FALSE,FALSE
Lasiurus ebenus,0,NA,FALSE,NA,NA,FALSE,NA,NA,NA,FALSE
Phyllonycteris aphylla,0,NA,FALSE,NA,NA,FALSE,NA,NA,FALSE,FALSE
Miniopterus robustior,0,FALSE,FALSE,NA,NA,FALSE,NA,NA,FALSE,FALSE
Carollia colombiana,0,NA,FALSE,NA,NA,FALSE,NA,NA,NA,FALSE
Lophostoma evotis,0,FALSE,FALSE,NA,NA,FALSE,NA,NA,FALSE,FALSE
Platyrrhinus chocoensis,0,FALSE,FALSE,NA,NA,FALSE,NA,NA,FALSE,FALSE
Balantiopteryx infusca,0,FALSE,FALSE,NA,NA,FALSE,NA,NA,FALSE,FALSE
Trinycteris nicefori,0,TRUE,FALSE,NA,NA,FALSE,NA,NA,FALSE,FALSE
Lophostoma schulzi,0,FALSE,FALSE,NA,NA,FALSE,NA,NA,FALSE,FALSE
Platalina genovensium,0,FALSE,FALSE,NA,NA,FALSE,NA,NA,FALSE,FALSE
Rhinophylla alethina,0,FALSE,FALSE,NA,NA,FALSE,NA,NA,FALSE,FALSE
Sturnira mistratensis,0,NA,FALSE,NA,NA,FALSE,NA,NA,NA,FALSE
Lonchorhina orinocensis,0,FALSE,FALSE,NA,NA,FALSE,NA,NA,FALSE,FALSE
Rhogeessa hussoni,0,NA,FALSE,NA,NA,FALSE,NA,NA,NA,FALSE
Anoura luismanueli,0,NA,FALSE,NA,NA,FALSE,NA,NA,NA,FALSE
Tomopeas ravus,0,FALSE,FALSE,NA,NA,FALSE,NA,NA,FALSE,FALSE
Lonchophylla dekeyseri,0,FALSE,FALSE,NA,NA,FALSE,NA,NA,FALSE,FALSE
Lonchorhina marinkellei,0,FALSE,FALSE,NA,NA,FALSE,NA,NA,FALSE,FALSE
Myotis cobanensis,0,NA,FALSE,NA,NA,FALSE,NA,NA,FALSE,FALSE
Emballonura serii,0,NA,FALSE,NA,NA,FALSE,NA,NA,NA,FALSE
Sturnira nana,0,FALSE,FALSE,NA,NA,FALSE,NA,NA,FALSE,FALSE
Lonchorhina fernandezi,0,FALSE,FALSE,NA,NA,FALSE,NA,NA,FALSE,FALSE
Artibeus incomitatus,0,NA,FALSE,NA,NA,FALSE,NA,NA,NA,FALSE
Choeroniscus periosus,0,FALSE,FALSE,NA,NA,FALSE,NA,NA,FALSE,FALSE
Lonchophylla hesperia,0,FALSE,FALSE,NA,NA,FALSE,NA,NA,FALSE,FALSE
Lonchophylla handleyi,0,FALSE,FALSE,NA,NA,FALSE,NA,NA,FALSE,FALSE
Glyphonycteris behnii,0,FALSE,FALSE,NA,NA,FALSE,NA,NA,FALSE,FALSE
Micronycteris homezi,0,NA,FALSE,NA,NA,FALSE,NA,NA,FALSE,FALSE
Nyctophilus nebulosus,0,NA,FALSE,NA,NA,FALSE,NA,NA,NA,FALSE
Lonchorhina inusitata,0,NA,FALSE,NA,NA,FALSE,NA,NA,NA,FALSE
Thyroptera lavali,0,NA,FALSE,NA,NA,FALSE,NA,NA,NA,FALSE
Neonycteris pusilla,0,FALSE,FALSE,NA,NA,FALSE,NA,NA,FALSE,FALSE
Mimon koepckeae,0,FALSE,FALSE,NA,NA,FALSE,NA,NA,FALSE,FALSE
Micronycteris sanborni,0,NA,FALSE,NA,NA,FALSE,NA,NA,NA,FALSE
Saccopteryx antioquensis,0,NA,FALSE,NA,NA,FALSE,NA,NA,NA,FALSE
Micronycteris brosseti,0,NA,FALSE,NA,NA,FALSE,NA,NA,NA,FALSE
Micronycteris matses,0,NA,FALSE,NA,NA,FALSE,NA,NA,NA,FALSE
